{"properties":[{"Key":"ParentID","DisplayName":"ParentID","FieldType":"String","DefaultValue":"","Description":"The ParentID of this component","List":""},{"Key":"AcceptCharset","DisplayName":"Accept Charset","FieldType":"String","DefaultValue":"","Description":"Accept Charset","List":""},{"Key":"Action","DisplayName":"Action","FieldType":"String","DefaultValue":"","Description":"Action","List":""},{"Key":"Autocomplete","DisplayName":"Autocomplete","FieldType":"String","DefaultValue":"none","Description":"Autocomplete","List":"none|off|on"},{"Key":"Enctype","DisplayName":"Enctype","FieldType":"String","DefaultValue":"application/x-www-form-urlencoded","Description":"Enctype","List":"application/x-www-form-urlencoded|multipart/form-data|text/plain"},{"Key":"Method","DisplayName":"Method","FieldType":"String","DefaultValue":"get","Description":"Method","List":"dialog|get|none|post"},{"Key":"Name","DisplayName":"Name","FieldType":"String","DefaultValue":"","Description":"Name","List":""},{"Key":"Novalidate","DisplayName":"Novalidate","FieldType":"Boolean","DefaultValue":"False","Description":"Novalidate","List":""},{"Key":"Target","DisplayName":"Target","FieldType":"String","DefaultValue":"none","Description":"Target","List":"_blank|_parent|_self|_top|none"},{"Key":"Visible","DisplayName":"Visible","FieldType":"Boolean","DefaultValue":"True","Description":"If visible.","List":""}],"events":[{"name":"Submit (e As BANanoEvent)"}],"methods":[{"name":"Class_Globals","signature":"Class_Globals"},{"name":"Initialize","signature":"Initialize (Callback As Object, Name As String, EventName As String)"},{"name":"getElement","signature":"getElement() As BANanoElement"},{"name":"getID","signature":"getID() As String"},{"name":"AddToParent","signature":"AddToParent(targetID As String, props As Map)"},{"name":"Remove","signature":"Remove()"},{"name":"TriggerEvent","signature":"TriggerEvent(event As String, params() As String)"},{"name":"getHere","signature":"getHere() As String"},{"name":"SetAttr","signature":"SetAttr(attr As String, text As String)"},{"name":"SetDataAttr","signature":"SetDataAttr(attr As String, text As String)"},{"name":"GetDataAttr","signature":"GetDataAttr(attr As String) As String"},{"name":"GetAttr","signature":"GetAttr(attr As String) As String"},{"name":"AddClass","signature":"AddClass(text As String)"},{"name":"RemoveClass","signature":"RemoveClass(text As String)"},{"name":"AddAttr","signature":"AddAttr(ms As Map)"},{"name":"RemoveAttr","signature":"RemoveAttr(attr As String)"},{"name":"AddStyleComputed","signature":"AddStyleComputed(attr As String, text As String)"},{"name":"AddStyle","signature":"AddStyle(ms As Map)"},{"name":"setVisible","signature":"setVisible(b As Boolean)"},{"name":"getVisible","signature":"getVisible As Boolean"},{"name":"On","signature":"On(event As String, args As List)"},{"name":"OnEvent","signature":"OnEvent(event As String, Module As Object, methodName As String, args As List)"},{"name":"DesignerCreateView","signature":"DesignerCreateView (Target As BANanoElement, Props As Map)"},{"name":"setAcceptCharset","signature":"setAcceptCharset(s As String)"},{"name":"setAction","signature":"setAction(s As String)"},{"name":"setAutocomplete","signature":"setAutocomplete(s As String)"},{"name":"setEnctype","signature":"setEnctype(s As String)"},{"name":"setMethod","signature":"setMethod(s As String)"},{"name":"setName","signature":"setName(s As String)"},{"name":"setNovalidate","signature":"setNovalidate(b As Boolean)"},{"name":"setRel","signature":"setRel(s As String)"},{"name":"setTarget","signature":"setTarget(s As String)"},{"name":"getAcceptCharset","signature":"getAcceptCharset As String"},{"name":"getAction","signature":"getAction As String"},{"name":"getAutocomplete","signature":"getAutocomplete As String"},{"name":"getEnctype","signature":"getEnctype As String"},{"name":"getMethod","signature":"getMethod As String"},{"name":"getName","signature":"getName As String"},{"name":"getNovalidate","signature":"getNovalidate As Boolean"},{"name":"getRel","signature":"getRel As String"},{"name":"getTarget","signature":"getTarget As String"},{"name":"getRoot","signature":"getRoot As SHLabel"},{"name":"LinkExisting","signature":"LinkExisting"}]}