{"properties":[{"Key":"ParentID","DisplayName":"ParentID","FieldType":"String","DefaultValue":"","Description":"The ParentID of this component","List":""},{"Key":"Src","DisplayName":"Src","FieldType":"String","DefaultValue":"","Description":"Src","List":""},{"Key":"Alt","DisplayName":"Alt","FieldType":"String","DefaultValue":"","Description":"Alt","List":""},{"Key":"Height","DisplayName":"Height","FieldType":"String","DefaultValue":"","Description":"Height","List":""},{"Key":"Width","DisplayName":"Width","FieldType":"String","DefaultValue":"","Description":"Width","List":""},{"Key":"BorderRadius","DisplayName":"Border Radius","FieldType":"String","DefaultValue":"","Description":"Border Radius","List":""},{"Key":"Elevation","DisplayName":"Elevation","FieldType":"String","DefaultValue":"none","Description":"Elevation","List":"0|1|2|3|4|5|none"},{"Key":"IonFloatLeft","DisplayName":"Ion Float Left","FieldType":"Boolean","DefaultValue":"False","Description":"Ion Float Left","List":""},{"Key":"IonFloatRight","DisplayName":"Ion Float Right","FieldType":"Boolean","DefaultValue":"False","Description":"Ion Float Right","List":""},{"Key":"Visible","DisplayName":"Visible","FieldType":"Boolean","DefaultValue":"True","Description":"If visible.","List":""}],"events":[],"methods":[{"name":"Class_Globals","signature":"Class_Globals"},{"name":"Initialize","signature":"Initialize (Callback As Object, Name As String, EventName As String)"},{"name":"getElement","signature":"getElement() As BANanoElement"},{"name":"getID","signature":"getID() As String"},{"name":"AddToParent","signature":"AddToParent(targetID As String, props As Map)"},{"name":"Remove","signature":"Remove()"},{"name":"TriggerEvent","signature":"TriggerEvent(event As String, params() As String)"},{"name":"getHere","signature":"getHere() As String"},{"name":"SetAttr","signature":"SetAttr(attr As String, text As String)"},{"name":"SetDataAttr","signature":"SetDataAttr(attr As String, text As String)"},{"name":"GetDataAttr","signature":"GetDataAttr(attr As String) As String"},{"name":"GetAttr","signature":"GetAttr(attr As String) As String"},{"name":"AddClass","signature":"AddClass(text As String)"},{"name":"RemoveClass","signature":"RemoveClass(text As String)"},{"name":"AddAttr","signature":"AddAttr(ms As Map)"},{"name":"RemoveAttr","signature":"RemoveAttr(attr As String)"},{"name":"AddStyleComputed","signature":"AddStyleComputed(attr As String, text As String)"},{"name":"AddStyle","signature":"AddStyle(ms As Map)"},{"name":"setVisible","signature":"setVisible(b As Boolean)"},{"name":"getVisible","signature":"getVisible As Boolean"},{"name":"On","signature":"On(event As String, args As List)"},{"name":"OnEvent","signature":"OnEvent(event As String, Module As Object, methodName As String, args As List)"},{"name":"DesignerCreateView","signature":"DesignerCreateView (Target As BANanoElement, Props As Map)"},{"name":"setParentID","signature":"setParentID(sParentID As String)"},{"name":"setPulse","signature":"setPulse(b As Boolean)"},{"name":"setElevation","signature":"setElevation(point As String)"},{"name":"setBorderRadius","signature":"setBorderRadius(s As String)"},{"name":"getBorderRadius","signature":"getBorderRadius As String"},{"name":"setAlt","signature":"setAlt(s As String)"},{"name":"setHeight","signature":"setHeight(s As String)"},{"name":"setIonFloatLeft","signature":"setIonFloatLeft(b As Boolean)"},{"name":"setIonFloatRight","signature":"setIonFloatRight(b As Boolean)"},{"name":"setSrc","signature":"setSrc(s As String)"},{"name":"setWidth","signature":"setWidth(s As String)"},{"name":"getAlt","signature":"getAlt As String"},{"name":"getHeight","signature":"getHeight As String"},{"name":"getIonFloatLeft","signature":"getIonFloatLeft As Boolean"},{"name":"getIonFloatRight","signature":"getIonFloatRight As Boolean"},{"name":"getSrc","signature":"getSrc As String"},{"name":"getWidth","signature":"getWidth As String"},{"name":"LinkExisting","signature":"LinkExisting"},{"name":"getRoot","signature":"getRoot As SHLabel"}]}