{"properties":[{"Key":"ParentID","DisplayName":"ParentID","FieldType":"String","DefaultValue":"","Description":"The ParentID of this component","List":""},{"Key":"Text","DisplayName":"Text","FieldType":"String","DefaultValue":"","Description":"Text","List":""},{"Key":"Action","DisplayName":"Action","FieldType":"String","DefaultValue":"","Description":"Action","List":""},{"Key":"CssClass","DisplayName":"Css Class","FieldType":"String","DefaultValue":"","Description":"Css Class","List":""},{"Key":"Icon","DisplayName":"Icon","FieldType":"String","DefaultValue":"","Description":"Icon","List":""},{"Key":"Role","DisplayName":"Role","FieldType":"String","DefaultValue":"","Description":"Role (cancel etc)","List":""},{"Key":"Side","DisplayName":"Side","FieldType":"String","DefaultValue":"start","Description":"Side","List":"end|start"},{"Key":"Visible","DisplayName":"Visible","FieldType":"Boolean","DefaultValue":"False","Description":"If visible.","List":""}],"events":[{"name":"Click (e As BANanoEvent)"}],"methods":[{"name":"Class_Globals","signature":"Class_Globals"},{"name":"Initialize","signature":"Initialize (Callback As Object, Name As String, EventName As String)"},{"name":"setAction","signature":"setAction(s As String)"},{"name":"RemoveHandler","signature":"RemoveHandler"},{"name":"setHtmlAttributes","signature":"setHtmlAttributes(m As Map)"},{"name":"setSide","signature":"setSide(s As String)"},{"name":"setCssClass","signature":"setCssClass(s As String)"},{"name":"setIcon","signature":"setIcon(s As String)"},{"name":"setRole","signature":"setRole(s As String)"},{"name":"setText","signature":"setText(s As String)"},{"name":"AddToParent","signature":"AddToParent(targetID As String, props As Map)"},{"name":"Remove","signature":"Remove()"},{"name":"setVisible","signature":"setVisible(b As Boolean)"},{"name":"AddClass","signature":"AddClass(text As String)"},{"name":"RemoveClass","signature":"RemoveClass(text As String)"},{"name":"getVisible","signature":"getVisible As Boolean"},{"name":"DesignerCreateView","signature":"DesignerCreateView (Target As BANanoElement, Props As Map)"},{"name":"getAction","signature":"getAction As String"},{"name":"getCssClass","signature":"getCssClass As String"},{"name":"getHtmlAttributes","signature":"getHtmlAttributes As Map"},{"name":"getIcon","signature":"getIcon As String"},{"name":"getRole","signature":"getRole As String"},{"name":"getSide","signature":"getSide As String"},{"name":"getText","signature":"getText As String"}]}