{"properties":[{"Key":"ParentID","DisplayName":"ParentID","FieldType":"String","DefaultValue":"","Description":"The ParentID of this component","List":""},{"Key":"Animated","DisplayName":"Animated","FieldType":"Boolean","DefaultValue":"True","Description":"Animated","List":""},{"Key":"Disabled","DisplayName":"Disabled","FieldType":"Boolean","DefaultValue":"False","Description":"Disabled","List":""},{"Key":"Expand","DisplayName":"Expand","FieldType":"String","DefaultValue":"compact","Description":"Expand","List":"compact|inset"},{"Key":"Mode","DisplayName":"Mode","FieldType":"String","DefaultValue":"ios","Description":"Mode","List":"ios|md"},{"Key":"Multiple","DisplayName":"Multiple","FieldType":"Boolean","DefaultValue":"False","Description":"Multiple","List":""},{"Key":"Readonly","DisplayName":"Readonly","FieldType":"Boolean","DefaultValue":"False","Description":"Readonly","List":""},{"Key":"Value","DisplayName":"Value","FieldType":"String","DefaultValue":"","Description":"Value","List":""},{"Key":"RawPanels","DisplayName":"Panels (;)","FieldType":"String","DefaultValue":"","Description":"Panels in the accordion","List":""},{"Key":"Visible","DisplayName":"Visible","FieldType":"Boolean","DefaultValue":"True","Description":"If visible.","List":""}],"events":[{"name":"IonChange (value As Object)"}],"methods":[{"name":"Class_Globals","signature":"Class_Globals"},{"name":"Initialize","signature":"Initialize (Callback As Object, Name As String, EventName As String)"},{"name":"getElement","signature":"getElement() As BANanoElement"},{"name":"getID","signature":"getID() As String"},{"name":"AddToParent","signature":"AddToParent(targetID As String, props As Map)"},{"name":"Remove","signature":"Remove()"},{"name":"TriggerEvent","signature":"TriggerEvent(event As String, params() As String)"},{"name":"getHere","signature":"getHere() As String"},{"name":"SetAttr","signature":"SetAttr(attr As String, text As String)"},{"name":"SetDataAttr","signature":"SetDataAttr(attr As String, text As String)"},{"name":"GetDataAttr","signature":"GetDataAttr(attr As String) As String"},{"name":"GetAttr","signature":"GetAttr(attr As String) As String"},{"name":"AddClass","signature":"AddClass(text As String)"},{"name":"RemoveClass","signature":"RemoveClass(text As String)"},{"name":"AddAttr","signature":"AddAttr(ms As Map)"},{"name":"RemoveAttr","signature":"RemoveAttr(attr As String)"},{"name":"AddStyleComputed","signature":"AddStyleComputed(attr As String, text As String)"},{"name":"AddStyle","signature":"AddStyle(ms As Map)"},{"name":"setVisible","signature":"setVisible(b As Boolean)"},{"name":"getVisible","signature":"getVisible As Boolean"},{"name":"On","signature":"On(event As String, args As List)"},{"name":"OnEvent","signature":"OnEvent(event As String, Module As Object, methodName As String, args As List)"},{"name":"setValue","signature":"setValue(text As String)"},{"name":"getValue","signature":"getValue As String"},{"name":"DesignerCreateView","signature":"DesignerCreateView (Target As BANanoElement, Props As Map)"},{"name":"Clear","signature":"Clear"},{"name":"setAnimated","signature":"setAnimated(b As Boolean)"},{"name":"setDisabled","signature":"setDisabled(b As Boolean)"},{"name":"setExpand","signature":"setExpand(s As String)"},{"name":"setMode","signature":"setMode(s As String)"},{"name":"setMultiple","signature":"setMultiple(b As Boolean)"},{"name":"setReadonly","signature":"setReadonly(b As Boolean)"},{"name":"getAnimated","signature":"getAnimated As Boolean"},{"name":"getDisabled","signature":"getDisabled As Boolean"},{"name":"getExpand","signature":"getExpand As String"},{"name":"getMode","signature":"getMode As String"},{"name":"getMultiple","signature":"getMultiple As Boolean"},{"name":"getReadonly","signature":"getReadonly As Boolean"},{"name":"getRoot","signature":"getRoot As SHLabel"},{"name":"setPanels","signature":"setPanels(s As String)"},{"name":"Accordion","signature":"Accordion(key As String) As SHIonAccordion"},{"name":"AccordionList","signature":"AccordionList(key As String) As SHIonList"},{"name":"getPanels","signature":"getPanels As String"},{"name":"LinkExisting","signature":"LinkExisting"},{"name":"AddAccordion","signature":"AddAccordion(key As String, title As String)"},{"name":"AddAccordionList","signature":"AddAccordionList(key As String, title As String)"}]}