{"properties":[{"Key":"ParentID","DisplayName":"ParentID","FieldType":"String","DefaultValue":"","Description":"The ParentID of this component","List":""},{"Key":"Color","DisplayName":"Color","FieldType":"String","DefaultValue":"none","Description":"Color","List":"danger|dark|light|medium|none|primary|secondary|success|tertiary|warning"},{"Key":"ItemsAfterCollapse","DisplayName":"Items After Collapse","FieldType":"String","DefaultValue":"1","Description":"Items After Collapse","List":""},{"Key":"ItemsBeforeCollapse","DisplayName":"Items Before Collapse","FieldType":"String","DefaultValue":"1","Description":"Items Before Collapse","List":""},{"Key":"MaxItems","DisplayName":"Max Items","FieldType":"String","DefaultValue":"","Description":"Max Items","List":""},{"Key":"Mode","DisplayName":"Mode","FieldType":"String","DefaultValue":"ios","Description":"Mode","List":"ios|md"},{"Key":"Visible","DisplayName":"Visible","FieldType":"Boolean","DefaultValue":"True","Description":"If visible.","List":""}],"events":[{"name":"IonCollapsedClick (e As BANanoEvent)"}],"methods":[{"name":"Class_Globals","signature":"Class_Globals"},{"name":"Initialize","signature":"Initialize (Callback As Object, Name As String, EventName As String)"},{"name":"getElement","signature":"getElement() As BANanoElement"},{"name":"getID","signature":"getID() As String"},{"name":"AddToParent","signature":"AddToParent(targetID As String, props As Map)"},{"name":"Remove","signature":"Remove()"},{"name":"TriggerEvent","signature":"TriggerEvent(event As String, params() As String)"},{"name":"getHere","signature":"getHere() As String"},{"name":"SetAttr","signature":"SetAttr(attr As String, text As String)"},{"name":"SetDataAttr","signature":"SetDataAttr(attr As String, text As String)"},{"name":"GetDataAttr","signature":"GetDataAttr(attr As String) As String"},{"name":"GetAttr","signature":"GetAttr(attr As String) As String"},{"name":"AddClass","signature":"AddClass(text As String)"},{"name":"RemoveClass","signature":"RemoveClass(text As String)"},{"name":"AddAttr","signature":"AddAttr(ms As Map)"},{"name":"RemoveAttr","signature":"RemoveAttr(attr As String)"},{"name":"AddStyleComputed","signature":"AddStyleComputed(attr As String, text As String)"},{"name":"AddStyle","signature":"AddStyle(ms As Map)"},{"name":"setVisible","signature":"setVisible(b As Boolean)"},{"name":"getVisible","signature":"getVisible As Boolean"},{"name":"On","signature":"On(event As String, args As List)"},{"name":"OnEvent","signature":"OnEvent(event As String, Module As Object, methodName As String, args As List)"},{"name":"DesignerCreateView","signature":"DesignerCreateView (Target As BANanoElement, Props As Map)"},{"name":"setColor","signature":"setColor(s As String)"},{"name":"setItemsAfterCollapse","signature":"setItemsAfterCollapse(s As String)"},{"name":"setItemsBeforeCollapse","signature":"setItemsBeforeCollapse(s As String)"},{"name":"setMaxItems","signature":"setMaxItems(s As String)"},{"name":"setMode","signature":"setMode(s As String)"},{"name":"getColor","signature":"getColor As String"},{"name":"getItemsAfterCollapse","signature":"getItemsAfterCollapse As String"},{"name":"getItemsBeforeCollapse","signature":"getItemsBeforeCollapse As String"},{"name":"getMaxItems","signature":"getMaxItems As String"},{"name":"getMode","signature":"getMode As String"},{"name":"Clear","signature":"Clear"},{"name":"getRoot","signature":"getRoot As SHLabel"},{"name":"LinkExisting","signature":"LinkExisting"}]}