{"properties":[{"Key":"ParentID","DisplayName":"ParentID","FieldType":"String","DefaultValue":"","Description":"The ParentID of this component","List":""},{"Key":"Color","DisplayName":"Color","FieldType":"String","DefaultValue":"none","Description":"Color","List":"danger|dark|light|medium|none|primary|secondary|success|tertiary|warning"},{"Key":"Disabled","DisplayName":"Disabled","FieldType":"Boolean","DefaultValue":"False","Description":"Disabled","List":""},{"Key":"Mode","DisplayName":"Mode","FieldType":"String","DefaultValue":"ios","Description":"Mode","List":"ios|md"},{"Key":"Outline","DisplayName":"Outline","FieldType":"Boolean","DefaultValue":"False","Description":"Outline","List":""},{"Key":"Slot","DisplayName":"Slot","FieldType":"String","DefaultValue":"","Description":"Slot","List":""},{"Key":"LeftAvatar","DisplayName":"Left Avatar","FieldType":"String","DefaultValue":"","Description":"Left Avatar","List":""},{"Key":"LeftIconName","DisplayName":"Left Icon Name","FieldType":"String","DefaultValue":"","Description":"Left Icon Name","List":""},{"Key":"LeftIconSrc","DisplayName":"Left Icon Src","FieldType":"String","DefaultValue":"","Description":"Left Icon Src","List":""},{"Key":"Text","DisplayName":"Text","FieldType":"String","DefaultValue":"Chip","Description":"Text","List":""},{"Key":"RightAvatar","DisplayName":"Right Avatar","FieldType":"String","DefaultValue":"","Description":"Right Avatar","List":""},{"Key":"RightIconName","DisplayName":"Right Icon Name","FieldType":"String","DefaultValue":"","Description":"Right Icon Name","List":""},{"Key":"RightIconSrc","DisplayName":"Right Icon Src","FieldType":"String","DefaultValue":"","Description":"Right Icon Src","List":""},{"Key":"Visible","DisplayName":"Visible","FieldType":"Boolean","DefaultValue":"True","Description":"If visible.","List":""}],"events":[{"name":"Click (e As BANanoEvent)"}],"methods":[{"name":"Class_Globals","signature":"Class_Globals"},{"name":"Initialize","signature":"Initialize (Callback As Object, Name As String, EventName As String)"},{"name":"getElement","signature":"getElement() As BANanoElement"},{"name":"getID","signature":"getID() As String"},{"name":"AddToParent","signature":"AddToParent(targetID As String, props As Map)"},{"name":"Remove","signature":"Remove()"},{"name":"TriggerEvent","signature":"TriggerEvent(event As String, params() As String)"},{"name":"getHere","signature":"getHere() As String"},{"name":"SetAttr","signature":"SetAttr(attr As String, text As String)"},{"name":"SetDataAttr","signature":"SetDataAttr(attr As String, text As String)"},{"name":"GetDataAttr","signature":"GetDataAttr(attr As String) As String"},{"name":"GetAttr","signature":"GetAttr(attr As String) As String"},{"name":"AddClass","signature":"AddClass(text As String)"},{"name":"RemoveClass","signature":"RemoveClass(text As String)"},{"name":"AddAttr","signature":"AddAttr(ms As Map)"},{"name":"RemoveAttr","signature":"RemoveAttr(attr As String)"},{"name":"AddStyleComputed","signature":"AddStyleComputed(attr As String, text As String)"},{"name":"AddStyle","signature":"AddStyle(ms As Map)"},{"name":"setVisible","signature":"setVisible(b As Boolean)"},{"name":"getVisible","signature":"getVisible As Boolean"},{"name":"On","signature":"On(event As String, args As List)"},{"name":"OnEvent","signature":"OnEvent(event As String, Module As Object, methodName As String, args As List)"},{"name":"setText","signature":"setText(text As String)"},{"name":"getText","signature":"getText As String"},{"name":"DesignerCreateView","signature":"DesignerCreateView (Target As BANanoElement, Props As Map)"},{"name":"setLeftAvatar","signature":"setLeftAvatar(s As String)"},{"name":"setLeftIconName","signature":"setLeftIconName(s As String)"},{"name":"setLeftIconSrc","signature":"setLeftIconSrc(s As String)"},{"name":"setRightAvatar","signature":"setRightAvatar(s As String)"},{"name":"setRightIconName","signature":"setRightIconName(s As String)"},{"name":"setRightIconSrc","signature":"setRightIconSrc(s As String)"},{"name":"getLeftAvatar","signature":"getLeftAvatar As String"},{"name":"getLeftIconName","signature":"getLeftIconName As String"},{"name":"getLeftIconSrc","signature":"getLeftIconSrc As String"},{"name":"getRightAvatar","signature":"getRightAvatar As String"},{"name":"getRightIconName","signature":"getRightIconName As String"},{"name":"getRightIconSrc","signature":"getRightIconSrc As String"},{"name":"setParentID","signature":"setParentID(sParentID As String)"},{"name":"setBackground","signature":"setBackground(s As String)"},{"name":"setChipColor","signature":"setChipColor(s As String)"},{"name":"setColor","signature":"setColor(s As String)"},{"name":"setDisabled","signature":"setDisabled(b As Boolean)"},{"name":"setMode","signature":"setMode(s As String)"},{"name":"setOutline","signature":"setOutline(b As Boolean)"},{"name":"setSlot","signature":"setSlot(s As String)"},{"name":"getBackground","signature":"getBackground As String"},{"name":"getChipColor","signature":"getChipColor As String"},{"name":"getColor","signature":"getColor As String"},{"name":"getDisabled","signature":"getDisabled As Boolean"},{"name":"getMode","signature":"getMode As String"},{"name":"getOutline","signature":"getOutline As Boolean"},{"name":"getSlot","signature":"getSlot As String"},{"name":"LinkExisting","signature":"LinkExisting"},{"name":"GetLeftIonAvatar","signature":"GetLeftIonAvatar As SHIonAvatar"},{"name":"GetLeftIonImg","signature":"GetLeftIonImg As SHImg"},{"name":"GetRightIonAvatar","signature":"GetRightIonAvatar As SHIonAvatar"},{"name":"GetRightIonImg","signature":"GetRightIonImg As SHImg"}]}