{"properties":[{"Key":"Disabled","DisplayName":"Disabled","FieldType":"Boolean","DefaultValue":"False","Description":"Disabled","List":""},{"Key":"Mode","DisplayName":"Mode","FieldType":"String","DefaultValue":"ios","Description":"Mode","List":"ios|md"},{"Key":"Readonly","DisplayName":"Readonly","FieldType":"Boolean","DefaultValue":"False","Description":"Readonly","List":""},{"Key":"ToggleIcon","DisplayName":"Toggle Icon","FieldType":"String","DefaultValue":"chevronDown","Description":"Toggle Icon","List":""},{"Key":"ToggleIconSlot","DisplayName":"Toggle Icon Slot","FieldType":"String","DefaultValue":"end","Description":"Toggle Icon Slot","List":"end|start"},{"Key":"Value","DisplayName":"Value","FieldType":"String","DefaultValue":"","Description":"Value","List":""},{"Key":"Visible","DisplayName":"Visible","FieldType":"Boolean","DefaultValue":"True","Description":"If visible.","List":""}],"events":[],"methods":[{"name":"Class_Globals","signature":"Class_Globals"},{"name":"Initialize","signature":"Initialize (Callback As Object, Name As String, EventName As String)"},{"name":"getElement","signature":"getElement() As BANanoElement"},{"name":"getID","signature":"getID() As String"},{"name":"AddToParent","signature":"AddToParent(targetID As String, props As Map)"},{"name":"Remove","signature":"Remove()"},{"name":"TriggerEvent","signature":"TriggerEvent(event As String, params() As String)"},{"name":"getHere","signature":"getHere() As String"},{"name":"SetAttr","signature":"SetAttr(attr As String, text As String)"},{"name":"SetDataAttr","signature":"SetDataAttr(attr As String, text As String)"},{"name":"GetDataAttr","signature":"GetDataAttr(attr As String) As String"},{"name":"GetAttr","signature":"GetAttr(attr As String) As String"},{"name":"AddClass","signature":"AddClass(text As String)"},{"name":"RemoveClass","signature":"RemoveClass(text As String)"},{"name":"AddAttr","signature":"AddAttr(ms As Map)"},{"name":"RemoveAttr","signature":"RemoveAttr(attr As String)"},{"name":"AddStyleComputed","signature":"AddStyleComputed(attr As String, text As String)"},{"name":"AddStyle","signature":"AddStyle(ms As Map)"},{"name":"setVisible","signature":"setVisible(b As Boolean)"},{"name":"getVisible","signature":"getVisible As Boolean"},{"name":"On","signature":"On(event As String, args As List)"},{"name":"OnEvent","signature":"OnEvent(event As String, Module As Object, methodName As String, args As List)"},{"name":"setValue","signature":"setValue(text As String)"},{"name":"getValue","signature":"getValue As String"},{"name":"DesignerCreateView","signature":"DesignerCreateView (Target As BANanoElement, Props As Map)"},{"name":"setDisabled","signature":"setDisabled(b As Boolean)"},{"name":"setMode","signature":"setMode(s As String)"},{"name":"setReadonly","signature":"setReadonly(b As Boolean)"},{"name":"setToggleIcon","signature":"setToggleIcon(s As String)"},{"name":"setToggleIconSlot","signature":"setToggleIconSlot(s As String)"},{"name":"getDisabled","signature":"getDisabled As Boolean"},{"name":"getMode","signature":"getMode As String"},{"name":"getReadonly","signature":"getReadonly As Boolean"},{"name":"getToggleIcon","signature":"getToggleIcon As String"},{"name":"getToggleIconSlot","signature":"getToggleIconSlot As String"},{"name":"getRoot","signature":"getRoot As SHLabel"},{"name":"LinkExisting","signature":"LinkExisting"},{"name":"getHeader","signature":"getHeader As SHIonItem"},{"name":"getHeaderLabel","signature":"getHeaderLabel As SHIonLabel"},{"name":"getContent","signature":"getContent As SHLabel"},{"name":"Clear","signature":"Clear"},{"name":"AddList","signature":"AddList(eID As String) As SHIonList"},{"name":"Append","signature":"Append(tmp As Object)"}]}