{"properties":[{"Key":"ParentID","DisplayName":"ParentID","FieldType":"String","DefaultValue":"","Description":"The ParentID of this component","List":""},{"Key":"ContentId","DisplayName":"Content Id","FieldType":"String","DefaultValue":"","Description":"Content Id","List":""},{"Key":"Disabled","DisplayName":"Disabled","FieldType":"Boolean","DefaultValue":"False","Description":"Disabled","List":""},{"Key":"IsOpen","DisplayName":"Is Open","FieldType":"Boolean","DefaultValue":"False","Description":"Is Open","List":""},{"Key":"MaxEdgeStart","DisplayName":"Max Edge Start","FieldType":"String","DefaultValue":"50","Description":"Max Edge Start","List":""},{"Key":"MenuId","DisplayName":"Menu Id","FieldType":"String","DefaultValue":"","Description":"Menu Id","List":""},{"Key":"Side","DisplayName":"Side","FieldType":"String","DefaultValue":"start","Description":"Side","List":"end|start"},{"Key":"SwipeGesture","DisplayName":"Swipe Gesture","FieldType":"Boolean","DefaultValue":"False","Description":"Swipe Gesture","List":""},{"Key":"TypeOf","DisplayName":"Type Of","FieldType":"String","DefaultValue":"none","Description":"Type Of","List":"none|overlay|push|reveal"},{"Key":"Background","DisplayName":"Background","FieldType":"String","DefaultValue":"","Description":"Background","List":""},{"Key":"Height","DisplayName":"Height","FieldType":"String","DefaultValue":"","Description":"Height","List":""},{"Key":"MaxHeight","DisplayName":"Max Height","FieldType":"String","DefaultValue":"","Description":"Max Height","List":""},{"Key":"MaxWidth","DisplayName":"Max Width","FieldType":"String","DefaultValue":"","Description":"Max Width","List":""},{"Key":"MinHeight","DisplayName":"Min Height","FieldType":"String","DefaultValue":"","Description":"Min Height","List":""},{"Key":"MinWidth","DisplayName":"Min Width","FieldType":"String","DefaultValue":"","Description":"Min Width","List":""},{"Key":"Width","DisplayName":"Width","FieldType":"String","DefaultValue":"","Description":"Width","List":""},{"Key":"Visible","DisplayName":"Visible","FieldType":"Boolean","DefaultValue":"True","Description":"If visible.","List":""}],"events":[{"name":"ItemClick (e As BANanoEvent)"},{"name":"IonDidClose (e As BANanoEvent)"},{"name":"IonDidOpen (e As BANanoEvent)"},{"name":"IonWillClose (e As BANanoEvent)"},{"name":"IonWillOpen (e As BANanoEvent)"}],"methods":[{"name":"Class_Globals","signature":"Class_Globals"},{"name":"Initialize","signature":"Initialize (Callback As Object, Name As String, EventName As String)"},{"name":"getElement","signature":"getElement() As BANanoElement"},{"name":"getID","signature":"getID() As String"},{"name":"AddToParent","signature":"AddToParent(targetID As String, props As Map)"},{"name":"Remove","signature":"Remove()"},{"name":"setElement","signature":"setElement(e As BANanoElement)"},{"name":"LinkExisting","signature":"LinkExisting"},{"name":"TriggerEvent","signature":"TriggerEvent(event As String, params() As String)"},{"name":"getHere","signature":"getHere() As String"},{"name":"SetAttr","signature":"SetAttr(attr As String, text As String)"},{"name":"SetDataAttr","signature":"SetDataAttr(attr As String, text As String)"},{"name":"GetDataAttr","signature":"GetDataAttr(attr As String) As String"},{"name":"GetAttr","signature":"GetAttr(attr As String) As String"},{"name":"AddClass","signature":"AddClass(text As String)"},{"name":"RemoveClass","signature":"RemoveClass(text As String)"},{"name":"AddAttr","signature":"AddAttr(ms As Map)"},{"name":"RemoveAttr","signature":"RemoveAttr(attr As String)"},{"name":"AddStyleComputed","signature":"AddStyleComputed(attr As String, text As String)"},{"name":"AddStyle","signature":"AddStyle(ms As Map)"},{"name":"setVisible","signature":"setVisible(b As Boolean)"},{"name":"getVisible","signature":"getVisible As Boolean"},{"name":"On","signature":"On(event As String, args As List)"},{"name":"OnEvent","signature":"OnEvent(event As String, Module As Object, methodName As String, args As List)"},{"name":"DesignerCreateView","signature":"DesignerCreateView (Target As BANanoElement, Props As Map)"},{"name":"close","signature":"close() As BANanoPromise"},{"name":"isActive","signature":"isActive() As BANanoPromise"},{"name":"open","signature":"open() As BANanoPromise"},{"name":"setOpen","signature":"setOpen() As BANanoPromise"},{"name":"toggle","signature":"toggle() As BANanoPromise"},{"name":"setBackground","signature":"setBackground(s As String)"},{"name":"setContentId","signature":"setContentId(s As String)"},{"name":"setDisabled","signature":"setDisabled(b As Boolean)"},{"name":"setHeight","signature":"setHeight(s As String)"},{"name":"setIsOpen","signature":"setIsOpen(b As Boolean)"},{"name":"setMaxEdgeStart","signature":"setMaxEdgeStart(s As String)"},{"name":"setMaxHeight","signature":"setMaxHeight(s As String)"},{"name":"setMaxWidth","signature":"setMaxWidth(s As String)"},{"name":"setMenuId","signature":"setMenuId(s As String)"},{"name":"setMinHeight","signature":"setMinHeight(s As String)"},{"name":"setMinWidth","signature":"setMinWidth(s As String)"},{"name":"setSide","signature":"setSide(s As String)"},{"name":"setSwipeGesture","signature":"setSwipeGesture(b As Boolean)"},{"name":"setTypeOf","signature":"setTypeOf(s As String)"},{"name":"setWidth","signature":"setWidth(s As String)"},{"name":"getBackground","signature":"getBackground As String"},{"name":"getContentId","signature":"getContentId As String"},{"name":"getDisabled","signature":"getDisabled As Boolean"},{"name":"getHeight","signature":"getHeight As String"},{"name":"getIsOpen","signature":"getIsOpen As Boolean"},{"name":"getMaxEdgeStart","signature":"getMaxEdgeStart As String"},{"name":"getMaxHeight","signature":"getMaxHeight As String"},{"name":"getMaxWidth","signature":"getMaxWidth As String"},{"name":"getMenuId","signature":"getMenuId As String"},{"name":"getMinHeight","signature":"getMinHeight As String"},{"name":"getMinWidth","signature":"getMinWidth As String"},{"name":"getSide","signature":"getSide As String"},{"name":"getSwipeGesture","signature":"getSwipeGesture As Boolean"},{"name":"getTypeOf","signature":"getTypeOf As String"},{"name":"getWidth","signature":"getWidth As String"},{"name":"getRoot","signature":"getRoot As SHLabel"},{"name":"ToggleOnSplitPane","signature":"ToggleOnSplitPane"},{"name":"BindItemClickEvent","signature":"BindItemClickEvent(items As List)"}]}