{"properties":[{"Key":"ParentID","DisplayName":"ParentID","FieldType":"String","DefaultValue":"","Description":"The ParentID of this component","List":""},{"Key":"Text","DisplayName":"Text","FieldType":"String","DefaultValue":"Button","Description":"Text","List":""},{"Key":"HasIcon","DisplayName":"Has Icon","FieldType":"Boolean","DefaultValue":"False","Description":"Has Icon","List":""},{"Key":"IconName","DisplayName":"Icon Name","FieldType":"String","DefaultValue":"logo-ionic","Description":"Icon Name","List":""},{"Key":"IconSrc","DisplayName":"Icon Src","FieldType":"String","DefaultValue":"","Description":"Icon Src","List":""},{"Key":"IconSlot","DisplayName":"Icon Slot","FieldType":"String","DefaultValue":"start","Description":"Icon Slot","List":"end|icon-only|start"},{"Key":"Color","DisplayName":"Color","FieldType":"String","DefaultValue":"none","Description":"Color","List":"danger|dark|light|medium|none|primary|secondary|success|tertiary|warning"},{"Key":"Disabled","DisplayName":"Disabled","FieldType":"Boolean","DefaultValue":"False","Description":"Disabled","List":""},{"Key":"Expand","DisplayName":"Expand","FieldType":"String","DefaultValue":"none","Description":"Expand","List":"block|full|none"},{"Key":"Fill","DisplayName":"Fill","FieldType":"String","DefaultValue":"default","Description":"Fill","List":"clear|default|outline|solid"},{"Key":"Form","DisplayName":"Form","FieldType":"String","DefaultValue":"","Description":"Form","List":""},{"Key":"Href","DisplayName":"Href","FieldType":"String","DefaultValue":"","Description":"Href","List":""},{"Key":"IonTextWrap","DisplayName":"Ion Text Wrap","FieldType":"Boolean","DefaultValue":"False","Description":"Ion Text Wrap","List":""},{"Key":"MaxWidth","DisplayName":"Max Width","FieldType":"String","DefaultValue":"","Description":"Max Width","List":""},{"Key":"Mode","DisplayName":"Mode","FieldType":"String","DefaultValue":"ios","Description":"Mode","List":"ios|md"},{"Key":"Shape","DisplayName":"Shape","FieldType":"String","DefaultValue":"none","Description":"Shape","List":"none|round"},{"Key":"Size","DisplayName":"Size","FieldType":"String","DefaultValue":"default","Description":"Size","List":"default|large|small"},{"Key":"Slot","DisplayName":"Slot","FieldType":"String","DefaultValue":"","Description":"Slot","List":""},{"Key":"Strong","DisplayName":"Strong","FieldType":"Boolean","DefaultValue":"False","Description":"Strong","List":""},{"Key":"Target","DisplayName":"Target","FieldType":"String","DefaultValue":"none","Description":"Target","List":"_blank|_parent|_self|_top|none"},{"Key":"Tooltip","DisplayName":"Tooltip","FieldType":"String","DefaultValue":"","Description":"Tooltip","List":""},{"Key":"TooltipPosition","DisplayName":"Tooltip Position","FieldType":"String","DefaultValue":"left","Description":"Tooltip","List":"left|right|top|bottom"},{"Key":"TooltipColor","DisplayName":"Tooltip Color","FieldType":"String","DefaultValue":"blue","Description":"Tooltip","List":""},{"Key":"TypeOf","DisplayName":"Type Of","FieldType":"String","DefaultValue":"none","Description":"Type Of","List":"button|none|reset|submit"},{"Key":"Visible","DisplayName":"Visible","FieldType":"Boolean","DefaultValue":"True","Description":"If visible.","List":""}],"events":[{"name":"Click (e As BANanoEvent)"},{"name":"IonBlur (e As BANanoEvent)"},{"name":"IonFocus (e As BANanoEvent)"}],"methods":[{"name":"Class_Globals","signature":"Class_Globals"},{"name":"Initialize","signature":"Initialize (Callback As Object, Name As String, EventName As String)"},{"name":"getElement","signature":"getElement() As BANanoElement"},{"name":"getID","signature":"getID() As String"},{"name":"AddToParent","signature":"AddToParent(targetID As String, props As Map)"},{"name":"Remove","signature":"Remove()"},{"name":"TriggerEvent","signature":"TriggerEvent(event As String, params() As String)"},{"name":"getHere","signature":"getHere() As String"},{"name":"SetAttr","signature":"SetAttr(attr As String, text As String)"},{"name":"SetDataAttr","signature":"SetDataAttr(attr As String, text As String)"},{"name":"GetDataAttr","signature":"GetDataAttr(attr As String) As String"},{"name":"GetAttr","signature":"GetAttr(attr As String) As String"},{"name":"AddClass","signature":"AddClass(text As String)"},{"name":"RemoveClass","signature":"RemoveClass(text As String)"},{"name":"AddAttr","signature":"AddAttr(ms As Map)"},{"name":"RemoveAttr","signature":"RemoveAttr(attr As String)"},{"name":"AddStyleComputed","signature":"AddStyleComputed(attr As String, text As String)"},{"name":"AddStyle","signature":"AddStyle(ms As Map)"},{"name":"setVisible","signature":"setVisible(b As Boolean)"},{"name":"getVisible","signature":"getVisible As Boolean"},{"name":"On","signature":"On(event As String, args As List)"},{"name":"OnEvent","signature":"OnEvent(event As String, Module As Object, methodName As String, args As List)"},{"name":"DesignerCreateView","signature":"DesignerCreateView (Target As BANanoElement, Props As Map)"},{"name":"SetToolTip","signature":"SetToolTip(tt As String, ttPos As String, tColor As String)"},{"name":"setParentID","signature":"setParentID(sParentID As String)"},{"name":"setAriaLabel","signature":"setAriaLabel(s As String)"},{"name":"setBackground","signature":"setBackground(s As String)"},{"name":"setBackgroundActivated","signature":"setBackgroundActivated(s As String)"},{"name":"setBackgroundActivatedOpacity","signature":"setBackgroundActivatedOpacity(s As String)"},{"name":"setBackgroundFocused","signature":"setBackgroundFocused(s As String)"},{"name":"setBackgroundFocusedOpacity","signature":"setBackgroundFocusedOpacity(s As String)"},{"name":"setBackgroundHover","signature":"setBackgroundHover(s As String)"},{"name":"setBackgroundHoverOpacity","signature":"setBackgroundHoverOpacity(s As String)"},{"name":"setBorderColor","signature":"setBorderColor(s As String)"},{"name":"setBorderRadius","signature":"setBorderRadius(s As String)"},{"name":"setBorderStyle","signature":"setBorderStyle(s As String)"},{"name":"setBorderWidth","signature":"setBorderWidth(s As String)"},{"name":"setBoxShadow","signature":"setBoxShadow(s As String)"},{"name":"setColor","signature":"setColor(s As String)"},{"name":"setColorActivated","signature":"setColorActivated(s As String)"},{"name":"setColorFocused","signature":"setColorFocused(s As String)"},{"name":"setColorHover","signature":"setColorHover(s As String)"},{"name":"setDisabled","signature":"setDisabled(b As Boolean)"},{"name":"setDownload","signature":"setDownload(b As Boolean)"},{"name":"setExpand","signature":"setExpand(s As String)"},{"name":"setFill","signature":"setFill(s As String)"},{"name":"setForm","signature":"setForm(s As String)"},{"name":"setHref","signature":"setHref(s As String)"},{"name":"setIonTextWrap","signature":"setIonTextWrap(b As Boolean)"},{"name":"setMaxWidth","signature":"setMaxWidth(s As String)"},{"name":"setMode","signature":"setMode(s As String)"},{"name":"setOpacity","signature":"setOpacity(s As String)"},{"name":"setPaddingBottom","signature":"setPaddingBottom(s As String)"},{"name":"setPaddingEnd","signature":"setPaddingEnd(s As String)"},{"name":"setPaddingStart","signature":"setPaddingStart(s As String)"},{"name":"setPaddingTop","signature":"setPaddingTop(s As String)"},{"name":"setRel","signature":"setRel(s As String)"},{"name":"setRippleColor","signature":"setRippleColor(s As String)"},{"name":"setRouterAnimation","signature":"setRouterAnimation(s As String)"},{"name":"setRouterDirection","signature":"setRouterDirection(s As String)"},{"name":"setShape","signature":"setShape(s As String)"},{"name":"setSize","signature":"setSize(s As String)"},{"name":"setSlot","signature":"setSlot(s As String)"},{"name":"setStrong","signature":"setStrong(b As Boolean)"},{"name":"setTarget","signature":"setTarget(s As String)"},{"name":"setText","signature":"setText(s As String)"},{"name":"setTextColor","signature":"setTextColor(s As String)"},{"name":"setTransition","signature":"setTransition(s As String)"},{"name":"setTypeOf","signature":"setTypeOf(s As String)"},{"name":"getAriaLabel","signature":"getAriaLabel As String"},{"name":"getBackground","signature":"getBackground As String"},{"name":"getBackgroundActivated","signature":"getBackgroundActivated As String"},{"name":"getBackgroundActivatedOpacity","signature":"getBackgroundActivatedOpacity As String"},{"name":"getBackgroundFocused","signature":"getBackgroundFocused As String"},{"name":"getBackgroundFocusedOpacity","signature":"getBackgroundFocusedOpacity As String"},{"name":"getBackgroundHover","signature":"getBackgroundHover As String"},{"name":"getBackgroundHoverOpacity","signature":"getBackgroundHoverOpacity As String"},{"name":"getBorderColor","signature":"getBorderColor As String"},{"name":"getBorderRadius","signature":"getBorderRadius As String"},{"name":"getBorderStyle","signature":"getBorderStyle As String"},{"name":"getBorderWidth","signature":"getBorderWidth As String"},{"name":"getBoxShadow","signature":"getBoxShadow As String"},{"name":"getColor","signature":"getColor As String"},{"name":"getColorActivated","signature":"getColorActivated As String"},{"name":"getColorFocused","signature":"getColorFocused As String"},{"name":"getColorHover","signature":"getColorHover As String"},{"name":"getDisabled","signature":"getDisabled As Boolean"},{"name":"getDownload","signature":"getDownload As Boolean"},{"name":"getExpand","signature":"getExpand As String"},{"name":"getFill","signature":"getFill As String"},{"name":"getForm","signature":"getForm As String"},{"name":"getHref","signature":"getHref As String"},{"name":"getIonTextWrap","signature":"getIonTextWrap As Boolean"},{"name":"getMaxWidth","signature":"getMaxWidth As String"},{"name":"getMode","signature":"getMode As String"},{"name":"getOpacity","signature":"getOpacity As String"},{"name":"getPaddingBottom","signature":"getPaddingBottom As String"},{"name":"getPaddingEnd","signature":"getPaddingEnd As String"},{"name":"getPaddingStart","signature":"getPaddingStart As String"},{"name":"getPaddingTop","signature":"getPaddingTop As String"},{"name":"getRel","signature":"getRel As String"},{"name":"getRippleColor","signature":"getRippleColor As String"},{"name":"getRouterAnimation","signature":"getRouterAnimation As String"},{"name":"getRouterDirection","signature":"getRouterDirection As String"},{"name":"getShape","signature":"getShape As String"},{"name":"getSize","signature":"getSize As String"},{"name":"getSlot","signature":"getSlot As String"},{"name":"getStrong","signature":"getStrong As Boolean"},{"name":"getTarget","signature":"getTarget As String"},{"name":"getText","signature":"getText As String"},{"name":"getTextColor","signature":"getTextColor As String"},{"name":"getTransition","signature":"getTransition As String"},{"name":"getTypeOf","signature":"getTypeOf As String"},{"name":"LinkExisting","signature":"LinkExisting(bLinkEvents As Boolean)"},{"name":"GetIonIcon","signature":"GetIonIcon As SHIonIcon"},{"name":"GetIonLabel","signature":"GetIonLabel As SHIonLabel"},{"name":"getRoot","signature":"getRoot As SHLabel"},{"name":"setPulse","signature":"setPulse(b As Boolean)"},{"name":"setElevation","signature":"setElevation(point As String)"},{"name":"setHasIcon","signature":"setHasIcon(b As Boolean)"},{"name":"setIconName","signature":"setIconName(s As String)"},{"name":"setIconSlot","signature":"setIconSlot(s As String)"},{"name":"setIconSrc","signature":"setIconSrc(s As String)"},{"name":"getHasIcon","signature":"getHasIcon As Boolean"},{"name":"getIconName","signature":"getIconName As String"},{"name":"getIconSlot","signature":"getIconSlot As String"},{"name":"getIconSrc","signature":"getIconSrc As String"}]}