{"properties":[{"Key":"ParentID","DisplayName":"ParentID","FieldType":"String","DefaultValue":"","Description":"The ParentID of this component","List":""},{"Key":"Border","DisplayName":"Border","FieldType":"String","DefaultValue":"","Description":"Border","List":""},{"Key":"ContentId","DisplayName":"Content Id","FieldType":"String","DefaultValue":"","Description":"Content Id","List":""},{"Key":"Disabled","DisplayName":"Disabled","FieldType":"Boolean","DefaultValue":"False","Description":"Disabled","List":""},{"Key":"SideMaxWidth","DisplayName":"Side Max Width","FieldType":"String","DefaultValue":"","Description":"Side Max Width","List":""},{"Key":"SideMinWidth","DisplayName":"Side Min Width","FieldType":"String","DefaultValue":"","Description":"Side Min Width","List":""},{"Key":"SideWidth","DisplayName":"Side Width","FieldType":"String","DefaultValue":"","Description":"Side Width","List":""},{"Key":"When","DisplayName":"When","FieldType":"String","DefaultValue":"lg","Description":"When","List":"lg|md|sm|xl|xs"},{"Key":"Visible","DisplayName":"Visible","FieldType":"Boolean","DefaultValue":"True","Description":"If visible.","List":""}],"events":[{"name":"IonSplitPaneVisible (e As BANanoEvent)"}],"methods":[{"name":"Class_Globals","signature":"Class_Globals"},{"name":"Initialize","signature":"Initialize (Callback As Object, Name As String, EventName As String)"},{"name":"getElement","signature":"getElement() As BANanoElement"},{"name":"getID","signature":"getID() As String"},{"name":"AddToParent","signature":"AddToParent(targetID As String, props As Map)"},{"name":"Remove","signature":"Remove()"},{"name":"setElement","signature":"setElement(e As BANanoElement)"},{"name":"LinkExisting","signature":"LinkExisting"},{"name":"TriggerEvent","signature":"TriggerEvent(event As String, params() As String)"},{"name":"getHere","signature":"getHere() As String"},{"name":"SetAttr","signature":"SetAttr(attr As String, text As String)"},{"name":"SetDataAttr","signature":"SetDataAttr(attr As String, text As String)"},{"name":"GetDataAttr","signature":"GetDataAttr(attr As String) As String"},{"name":"GetAttr","signature":"GetAttr(attr As String) As String"},{"name":"AddClass","signature":"AddClass(text As String)"},{"name":"RemoveClass","signature":"RemoveClass(text As String)"},{"name":"AddAttr","signature":"AddAttr(ms As Map)"},{"name":"RemoveAttr","signature":"RemoveAttr(attr As String)"},{"name":"AddStyleComputed","signature":"AddStyleComputed(attr As String, text As String)"},{"name":"AddStyle","signature":"AddStyle(ms As Map)"},{"name":"setVisible","signature":"setVisible(b As Boolean)"},{"name":"getVisible","signature":"getVisible As Boolean"},{"name":"On","signature":"On(event As String, args As List)"},{"name":"OnEvent","signature":"OnEvent(event As String, Module As Object, methodName As String, args As List)"},{"name":"DesignerCreateView","signature":"DesignerCreateView (Target As BANanoElement, Props As Map)"},{"name":"setParentID","signature":"setParentID(sParentID As String)"},{"name":"setBorder","signature":"setBorder(s As String)"},{"name":"setContentId","signature":"setContentId(s As String)"},{"name":"setDisabled","signature":"setDisabled(b As Boolean)"},{"name":"setSideMaxWidth","signature":"setSideMaxWidth(s As String)"},{"name":"setSideMinWidth","signature":"setSideMinWidth(s As String)"},{"name":"setSideWidth","signature":"setSideWidth(s As String)"},{"name":"setWhen","signature":"setWhen(s As String)"},{"name":"getBorder","signature":"getBorder As String"},{"name":"getContentId","signature":"getContentId As String"},{"name":"getDisabled","signature":"getDisabled As Boolean"},{"name":"getSideMaxWidth","signature":"getSideMaxWidth As String"},{"name":"getSideMinWidth","signature":"getSideMinWidth As String"},{"name":"getSideWidth","signature":"getSideWidth As String"},{"name":"getWhen","signature":"getWhen As String"},{"name":"getRoot","signature":"getRoot As SHLabel"}]}