{"properties":[{"Key":"ParentID","DisplayName":"ParentID","FieldType":"String","DefaultValue":"","Description":"The ParentID of this component","List":""},{"Key":"AriaLabel","DisplayName":"Aria Label","FieldType":"String","DefaultValue":"","Description":"Aria Label","List":""},{"Key":"Checked","DisplayName":"Checked","FieldType":"Boolean","DefaultValue":"False","Description":"Checked","List":""},{"Key":"Color","DisplayName":"Color","FieldType":"String","DefaultValue":"none","Description":"Color","List":"danger|dark|light|medium|none|primary|secondary|success|tertiary|warning"},{"Key":"Disabled","DisplayName":"Disabled","FieldType":"Boolean","DefaultValue":"False","Description":"Disabled","List":""},{"Key":"EnableOnOffLabels","DisplayName":"Enable On Off Labels","FieldType":"Boolean","DefaultValue":"False","Description":"Enable On Off Labels","List":""},{"Key":"Justify","DisplayName":"Justify","FieldType":"String","DefaultValue":"start","Description":"Justify","List":"end|space-between|start"},{"Key":"Alignment","DisplayName":"Alignment","FieldType":"String","DefaultValue":"none","Description":"Alignment","List":"center|none|start"},{"Key":"LabelPlacement","DisplayName":"Label Placement","FieldType":"String","DefaultValue":"start","Description":"Label Placement","List":"end|fixed|start"},{"Key":"Legacy","DisplayName":"Legacy","FieldType":"Boolean","DefaultValue":"False","Description":"Legacy","List":""},{"Key":"Mode","DisplayName":"Mode","FieldType":"String","DefaultValue":"ios","Description":"Mode","List":"ios|md"},{"Key":"Name","DisplayName":"Name","FieldType":"String","DefaultValue":"","Description":"Name","List":""},{"Key":"Text","DisplayName":"Text","FieldType":"String","DefaultValue":"","Description":"Text","List":""},{"Key":"Value","DisplayName":"Value","FieldType":"String","DefaultValue":"","Description":"Value","List":""},{"Key":"Slot","DisplayName":"Slot","FieldType":"String","DefaultValue":"","Description":"Slot","List":""},{"Key":"Visible","DisplayName":"Visible","FieldType":"Boolean","DefaultValue":"True","Description":"If visible.","List":""}],"events":[{"name":"IonBlur (e As BANanoEvent)"},{"name":"IonChange (value As Boolean)"},{"name":"IonFocus (e As BANanoEvent)"}],"methods":[{"name":"Class_Globals","signature":"Class_Globals"},{"name":"Initialize","signature":"Initialize (Callback As Object, Name As String, EventName As String)"},{"name":"getElement","signature":"getElement() As BANanoElement"},{"name":"getID","signature":"getID() As String"},{"name":"AddToParent","signature":"AddToParent(targetID As String, props As Map)"},{"name":"Remove","signature":"Remove()"},{"name":"TriggerEvent","signature":"TriggerEvent(event As String, params() As String)"},{"name":"getHere","signature":"getHere() As String"},{"name":"SetAttr","signature":"SetAttr(attr As String, text As String)"},{"name":"SetDataAttr","signature":"SetDataAttr(attr As String, text As String)"},{"name":"GetDataAttr","signature":"GetDataAttr(attr As String) As String"},{"name":"GetAttr","signature":"GetAttr(attr As String) As String"},{"name":"AddClass","signature":"AddClass(text As String)"},{"name":"RemoveClass","signature":"RemoveClass(text As String)"},{"name":"AddAttr","signature":"AddAttr(ms As Map)"},{"name":"RemoveAttr","signature":"RemoveAttr(attr As String)"},{"name":"AddStyleComputed","signature":"AddStyleComputed(attr As String, text As String)"},{"name":"AddStyle","signature":"AddStyle(ms As Map)"},{"name":"setVisible","signature":"setVisible(b As Boolean)"},{"name":"getVisible","signature":"getVisible As Boolean"},{"name":"On","signature":"On(event As String, args As List)"},{"name":"OnEvent","signature":"OnEvent(event As String, Module As Object, methodName As String, args As List)"},{"name":"setChecked","signature":"setChecked(text As Boolean)"},{"name":"getChecked","signature":"getChecked As Boolean"},{"name":"setValue","signature":"setValue(text As String)"},{"name":"getValue","signature":"getValue As String"},{"name":"DesignerCreateView","signature":"DesignerCreateView (Target As BANanoElement, Props As Map)"},{"name":"setAlignment","signature":"setAlignment(s As String)"},{"name":"getAlignment","signature":"getAlignment As String"},{"name":"setParentID","signature":"setParentID(sParentID As String)"},{"name":"setSlot","signature":"setSlot(s As String)"},{"name":"setAriaLabel","signature":"setAriaLabel(s As String)"},{"name":"setBorderRadius","signature":"setBorderRadius(s As String)"},{"name":"setColor","signature":"setColor(s As String)"},{"name":"setDisabled","signature":"setDisabled(b As Boolean)"},{"name":"setEnableOnOffLabels","signature":"setEnableOnOffLabels(b As boolean)"},{"name":"setHandleBackground","signature":"setHandleBackground(s As String)"},{"name":"setHandleBackgroundChecked","signature":"setHandleBackgroundChecked(s As String)"},{"name":"setHandleBorderRadius","signature":"setHandleBorderRadius(s As String)"},{"name":"setHandleBoxShadow","signature":"setHandleBoxShadow(s As String)"},{"name":"setHandleHeight","signature":"setHandleHeight(s As String)"},{"name":"setHandleMaxHeight","signature":"setHandleMaxHeight(s As String)"},{"name":"setHandleSpacing","signature":"setHandleSpacing(s As String)"},{"name":"setHandleTransition","signature":"setHandleTransition(s As String)"},{"name":"setHandleWidth","signature":"setHandleWidth(s As String)"},{"name":"setJustify","signature":"setJustify(s As String)"},{"name":"setLabelPlacement","signature":"setLabelPlacement(s As String)"},{"name":"setLegacy","signature":"setLegacy(b As Boolean)"},{"name":"setMode","signature":"setMode(s As String)"},{"name":"setName","signature":"setName(s As String)"},{"name":"setText","signature":"setText(s As String)"},{"name":"setTrackBackground","signature":"setTrackBackground(s As String)"},{"name":"setTrackBackgroundChecked","signature":"setTrackBackgroundChecked(s As String)"},{"name":"getAriaLabel","signature":"getAriaLabel As String"},{"name":"getBorderRadius","signature":"getBorderRadius As String"},{"name":"getColor","signature":"getColor As String"},{"name":"getDisabled","signature":"getDisabled As Boolean"},{"name":"getEnableOnOffLabels","signature":"getEnableOnOffLabels As Boolean"},{"name":"getHandleBackground","signature":"getHandleBackground As String"},{"name":"getHandleBackgroundChecked","signature":"getHandleBackgroundChecked As String"},{"name":"getHandleBorderRadius","signature":"getHandleBorderRadius As String"},{"name":"getHandleBoxShadow","signature":"getHandleBoxShadow As String"},{"name":"getHandleHeight","signature":"getHandleHeight As String"},{"name":"getHandleMaxHeight","signature":"getHandleMaxHeight As String"},{"name":"getHandleSpacing","signature":"getHandleSpacing As String"},{"name":"getHandleTransition","signature":"getHandleTransition As String"},{"name":"getHandleWidth","signature":"getHandleWidth As String"},{"name":"getJustify","signature":"getJustify As String"},{"name":"getLabelPlacement","signature":"getLabelPlacement As String"},{"name":"getLegacy","signature":"getLegacy As Boolean"},{"name":"getMode","signature":"getMode As String"},{"name":"getName","signature":"getName As String"},{"name":"getText","signature":"getText As String"},{"name":"getTrackBackground","signature":"getTrackBackground As String"},{"name":"getTrackBackgroundChecked","signature":"getTrackBackgroundChecked As String"},{"name":"getRoot","signature":"getRoot As SHLabel"},{"name":"LinkExisting","signature":"LinkExisting"}]}