{"properties":[{"Key":"ParentID","DisplayName":"ParentID","FieldType":"String","DefaultValue":"","Description":"The ParentID of this component","List":""},{"Key":"AlertType","DisplayName":"Alert Type","FieldType":"String","DefaultValue":"custom","Description":"Alert Type","List":"abort-retry-ignore|ok-cancel|ok-only|retry-cancel|yes-no|yes-no-cancel|custom"},{"Key":"Header","DisplayName":"Header","FieldType":"String","DefaultValue":"","Description":"Header","List":""},{"Key":"SubHeader","DisplayName":"Sub Header","FieldType":"String","DefaultValue":"","Description":"Sub Header","List":""},{"Key":"Message","DisplayName":"Message","FieldType":"String","DefaultValue":"","Description":"Message","List":""},{"Key":"Animated","DisplayName":"Animated","FieldType":"Boolean","DefaultValue":"True","Description":"Animated","List":""},{"Key":"BackdropDismiss","DisplayName":"Backdrop Dismiss","FieldType":"Boolean","DefaultValue":"True","Description":"Backdrop Dismiss","List":""},{"Key":"CssClass","DisplayName":"Css Class","FieldType":"String","DefaultValue":"","Description":"Css Class","List":""},{"Key":"EnterAnimation","DisplayName":"Enter Animation","FieldType":"String","DefaultValue":"","Description":"Enter Animation","List":""},{"Key":"IsOpen","DisplayName":"Is Open","FieldType":"Boolean","DefaultValue":"False","Description":"Is Open","List":""},{"Key":"KeyboardClose","DisplayName":"Keyboard Close","FieldType":"Boolean","DefaultValue":"True","Description":"Keyboard Close","List":""},{"Key":"LeaveAnimation","DisplayName":"Leave Animation","FieldType":"String","DefaultValue":"","Description":"Leave Animation","List":""},{"Key":"Mode","DisplayName":"Mode","FieldType":"String","DefaultValue":"ios","Description":"Mode","List":"ios|md"},{"Key":"Translucent","DisplayName":"Translucent","FieldType":"Boolean","DefaultValue":"False","Description":"Translucent","List":""},{"Key":"Trigger","DisplayName":"Trigger","FieldType":"String","DefaultValue":"","Description":"Trigger","List":""},{"Key":"Visible","DisplayName":"Visible","FieldType":"Boolean","DefaultValue":"True","Description":"If visible.","List":""}],"events":[{"name":"No_Click (e As BANanoEvent)"},{"name":"Abort_Click (e As BANanoEvent)"},{"name":"Retry_Click (e As BANanoEvent)"},{"name":"Ignore_Click (e As BANanoEvent)"},{"name":"Confirm_Click (data As Map)"},{"name":"Cancel_Click (e As BANanoEvent)"},{"name":"DidDismiss (e As BANanoEvent)"},{"name":"DidPresent (e As BANanoEvent)"},{"name":"WillDismiss (role As String, data As Map)"},{"name":"WillPresent (e As BANanoEvent)"}],"methods":[{"name":"Class_Globals","signature":"Class_Globals"},{"name":"Initialize","signature":"Initialize (Callback As Object, Name As String, EventName As String)"},{"name":"getElement","signature":"getElement() As BANanoElement"},{"name":"getID","signature":"getID() As String"},{"name":"AddToParent","signature":"AddToParent(targetID As String, props As Map)"},{"name":"Remove","signature":"Remove()"},{"name":"TriggerEvent","signature":"TriggerEvent(event As String, params() As String)"},{"name":"getHere","signature":"getHere() As String"},{"name":"SetAttr","signature":"SetAttr(attr As String, text As String)"},{"name":"SetDataAttr","signature":"SetDataAttr(attr As String, text As String)"},{"name":"GetDataAttr","signature":"GetDataAttr(attr As String) As String"},{"name":"GetAttr","signature":"GetAttr(attr As String) As String"},{"name":"AddClass","signature":"AddClass(text As String)"},{"name":"RemoveClass","signature":"RemoveClass(text As String)"},{"name":"AddAttr","signature":"AddAttr(ms As Map)"},{"name":"RemoveAttr","signature":"RemoveAttr(attr As String)"},{"name":"AddStyleComputed","signature":"AddStyleComputed(attr As String, text As String)"},{"name":"AddStyle","signature":"AddStyle(ms As Map)"},{"name":"setVisible","signature":"setVisible(b As Boolean)"},{"name":"getVisible","signature":"getVisible As Boolean"},{"name":"On","signature":"On(event As String, args As List)"},{"name":"OnEvent","signature":"OnEvent(event As String, Module As Object, methodName As String, args As List)"},{"name":"DesignerCreateView","signature":"DesignerCreateView (Target As BANanoElement, Props As Map)"},{"name":"setParentID","signature":"setParentID(sParentID As String)"},{"name":"Confirm","signature":"Confirm(data As Object)"},{"name":"Cancel","signature":"Cancel"},{"name":"dismiss","signature":"dismiss(data As Object, role As String) As BANanoPromise"},{"name":"onDidDismiss","signature":"onDidDismiss() As BANanoPromise"},{"name":"onWillDismiss","signature":"onWillDismiss() As BANanoPromise"},{"name":"present","signature":"present() As BANanoPromise"},{"name":"setAnimated","signature":"setAnimated(b As Boolean)"},{"name":"setBackdropDismiss","signature":"setBackdropDismiss(b As Boolean)"},{"name":"setBackdropOpacity","signature":"setBackdropOpacity(s As String)"},{"name":"setBackground","signature":"setBackground(s As String)"},{"name":"setButtons","signature":"setButtons(s As List)"},{"name":"setCssClass","signature":"setCssClass(s As String)"},{"name":"setEnterAnimation","signature":"setEnterAnimation(s As String)"},{"name":"setHeader","signature":"setHeader(s As String)"},{"name":"setHeight","signature":"setHeight(s As String)"},{"name":"setInputs","signature":"setInputs(s As List)"},{"name":"setIsOpen","signature":"setIsOpen(b As Boolean)"},{"name":"setKeyboardClose","signature":"setKeyboardClose(b As Boolean)"},{"name":"setLeaveAnimation","signature":"setLeaveAnimation(s As String)"},{"name":"setMaxHeight","signature":"setMaxHeight(s As String)"},{"name":"setMaxWidth","signature":"setMaxWidth(s As String)"},{"name":"setMessage","signature":"setMessage(s As String)"},{"name":"setMinHeight","signature":"setMinHeight(s As String)"},{"name":"setMinWidth","signature":"setMinWidth(s As String)"},{"name":"setMode","signature":"setMode(s As String)"},{"name":"setSubHeader","signature":"setSubHeader(s As String)"},{"name":"setTranslucent","signature":"setTranslucent(b As Boolean)"},{"name":"setTrigger","signature":"setTrigger(s As String)"},{"name":"setWidth","signature":"setWidth(s As String)"},{"name":"getAnimated","signature":"getAnimated As Boolean"},{"name":"getBackdropDismiss","signature":"getBackdropDismiss As Boolean"},{"name":"getBackdropOpacity","signature":"getBackdropOpacity As String"},{"name":"getBackground","signature":"getBackground As String"},{"name":"getButtons","signature":"getButtons As List"},{"name":"getCssClass","signature":"getCssClass As String"},{"name":"getEnterAnimation","signature":"getEnterAnimation As String"},{"name":"getHeader","signature":"getHeader As String"},{"name":"getHeight","signature":"getHeight As String"},{"name":"getInputs","signature":"getInputs As List"},{"name":"getIsOpen","signature":"getIsOpen As Boolean"},{"name":"getKeyboardClose","signature":"getKeyboardClose As Boolean"},{"name":"getLeaveAnimation","signature":"getLeaveAnimation As String"},{"name":"getMaxHeight","signature":"getMaxHeight As String"},{"name":"getMaxWidth","signature":"getMaxWidth As String"},{"name":"getMessage","signature":"getMessage As String"},{"name":"getMinHeight","signature":"getMinHeight As String"},{"name":"getMinWidth","signature":"getMinWidth As String"},{"name":"getMode","signature":"getMode As String"},{"name":"getSubHeader","signature":"getSubHeader As String"},{"name":"getTranslucent","signature":"getTranslucent As Boolean"},{"name":"getTrigger","signature":"getTrigger As String"},{"name":"getWidth","signature":"getWidth As String"},{"name":"LinkExisting","signature":"LinkExisting"},{"name":"Clear","signature":"Clear"},{"name":"ClearButtons","signature":"ClearButtons"},{"name":"ClearInputs","signature":"ClearInputs"},{"name":"AddDestructiveButton","signature":"AddDestructiveButton(btnAction As String, btnText As String) As SHIonAlertButton"},{"name":"AddCancelButton","signature":"AddCancelButton(btnText As String) As SHIonAlertButton"},{"name":"AddConfirmButton","signature":"AddConfirmButton(btnText As String) As SHIonAlertButton"},{"name":"AddButton","signature":"AddButton(btnAction As String, btnText As String) As SHIonAlertButton"},{"name":"Refresh","signature":"Refresh"},{"name":"RefreshButtons","signature":"RefreshButtons"},{"name":"RefreshInputs","signature":"RefreshInputs"},{"name":"AddTextBox","signature":"AddTextBox(id As String, name As String, label As String, placeHolder As String) As SHIonAlertInput"},{"name":"AddNumber","signature":"AddNumber(id As String, name As String, label As String, placeHolder As String) As SHIonAlertInput"},{"name":"AddCheckBox","signature":"AddCheckBox(id As String, value As String, label As String) As SHIonAlertInput"},{"name":"AddRadio","signature":"AddRadio(id As String, value As String, label As String) As SHIonAlertInput"},{"name":"AddRadioGroup","signature":"AddRadioGroup(options As Map)"},{"name":"AddCheckBoxGroup","signature":"AddCheckBoxGroup(options As Map)"},{"name":"AddTextArea","signature":"AddTextArea(id As String, name As String, label As String, placeHolder As String) As SHIonAlertInput"},{"name":"getRoot","signature":"getRoot As SHLabel"},{"name":"ShowConfirm","signature":"ShowConfirm(sProcess As String, xTitle As String, xSubTitle As String, xMessage As String, ConfirmText As String, CancelText As String)"},{"name":"ShowAlert","signature":"ShowAlert(sProcess As String, xTitle As String, xSubTitle As String, xMessage As String, ConfirmText As String)"},{"name":"AddComputedStyleMap","signature":"AddComputedStyleMap(ms As Map)"}]}