{"properties":[{"Key":"ParentID","DisplayName":"ParentID","FieldType":"String","DefaultValue":"","Description":"The ParentID of this component","List":""},{"Key":"Color","DisplayName":"Color","FieldType":"String","DefaultValue":"none","Description":"Color","List":"danger|dark|light|medium|none|primary|secondary|success|tertiary|warning"},{"Key":"Duration","DisplayName":"Duration","FieldType":"String","DefaultValue":"","Description":"Duration","List":""},{"Key":"Name","DisplayName":"Name","FieldType":"String","DefaultValue":"none","Description":"Name","List":"bubbles|circles|circular|crescent|dots|lines|lines-sharp|lines-sharp-small|lines-small|none"},{"Key":"Paused","DisplayName":"Paused","FieldType":"Boolean","DefaultValue":"False","Description":"Paused","List":""},{"Key":"Slot","DisplayName":"Slot","FieldType":"String","DefaultValue":"","Description":"Slot","List":""},{"Key":"Visible","DisplayName":"Visible","FieldType":"Boolean","DefaultValue":"True","Description":"If visible.","List":""}],"events":[],"methods":[{"name":"Class_Globals","signature":"Class_Globals"},{"name":"Initialize","signature":"Initialize (Callback As Object, Name As String, EventName As String)"},{"name":"getElement","signature":"getElement() As BANanoElement"},{"name":"getID","signature":"getID() As String"},{"name":"AddToParent","signature":"AddToParent(targetID As String, props As Map)"},{"name":"Remove","signature":"Remove()"},{"name":"setElement","signature":"setElement(e As BANanoElement)"},{"name":"LinkExisting","signature":"LinkExisting"},{"name":"TriggerEvent","signature":"TriggerEvent(event As String, params() As String)"},{"name":"getHere","signature":"getHere() As String"},{"name":"SetAttr","signature":"SetAttr(attr As String, text As String)"},{"name":"SetDataAttr","signature":"SetDataAttr(attr As String, text As String)"},{"name":"GetDataAttr","signature":"GetDataAttr(attr As String) As String"},{"name":"GetAttr","signature":"GetAttr(attr As String) As String"},{"name":"AddClass","signature":"AddClass(text As String)"},{"name":"RemoveClass","signature":"RemoveClass(text As String)"},{"name":"AddAttr","signature":"AddAttr(ms As Map)"},{"name":"RemoveAttr","signature":"RemoveAttr(attr As String)"},{"name":"AddStyleComputed","signature":"AddStyleComputed(attr As String, text As String)"},{"name":"AddStyle","signature":"AddStyle(ms As Map)"},{"name":"setVisible","signature":"setVisible(b As Boolean)"},{"name":"getVisible","signature":"getVisible As Boolean"},{"name":"On","signature":"On(event As String, args As List)"},{"name":"OnEvent","signature":"OnEvent(event As String, Module As Object, methodName As String, args As List)"},{"name":"DesignerCreateView","signature":"DesignerCreateView (Target As BANanoElement, Props As Map)"},{"name":"setParentID","signature":"setParentID(sParentID As String)"},{"name":"setSlot","signature":"setSlot(s As String)"},{"name":"setColor","signature":"setColor(s As String)"},{"name":"setDuration","signature":"setDuration(s As String)"},{"name":"setName","signature":"setName(s As String)"},{"name":"setPaused","signature":"setPaused(b As Boolean)"},{"name":"setSpinnerColor","signature":"setSpinnerColor(s As String)"},{"name":"getColor","signature":"getColor As String"},{"name":"getDuration","signature":"getDuration As String"},{"name":"getName","signature":"getName As String"},{"name":"getPaused","signature":"getPaused As Boolean"},{"name":"getSpinnerColor","signature":"getSpinnerColor As String"},{"name":"getRoot","signature":"getRoot As SHLabel"}]}