{"properties":[{"Key":"ParentID","DisplayName":"ParentID","FieldType":"String","DefaultValue":"","Description":"The ParentID of this component","List":""},{"Key":"Text","DisplayName":"Text","FieldType":"String","DefaultValue":"","Description":"Text","List":""},{"Key":"Alignment","DisplayName":"Position Alignment","FieldType":"String","DefaultValue":"none","Description":"Alignment","List":"center|end|none|start"},{"Key":"Animated","DisplayName":"Animated","FieldType":"Boolean","DefaultValue":"True","Description":"Animated","List":""},{"Key":"Arrow","DisplayName":"Arrow","FieldType":"Boolean","DefaultValue":"True","Description":"Arrow","List":""},{"Key":"BackdropDismiss","DisplayName":"Backdrop Dismiss","FieldType":"Boolean","DefaultValue":"True","Description":"Backdrop Dismiss","List":""},{"Key":"Component","DisplayName":"Component","FieldType":"String","DefaultValue":"","Description":"Component","List":""},{"Key":"DismissOnSelect","DisplayName":"Dismiss On Select","FieldType":"Boolean","DefaultValue":"False","Description":"Dismiss On Select","List":""},{"Key":"EnterAnimation","DisplayName":"Enter Animation","FieldType":"String","DefaultValue":"","Description":"Enter Animation","List":""},{"Key":"Event","DisplayName":"Event","FieldType":"String","DefaultValue":"","Description":"Event","List":""},{"Key":"HtmlAttributes","DisplayName":"Html Attributes","FieldType":"String","DefaultValue":"","Description":"Html Attributes","List":""},{"Key":"IsOpen","DisplayName":"Is Open","FieldType":"Boolean","DefaultValue":"False","Description":"Is Open","List":""},{"Key":"RightDrawer","DisplayName":"RightDrawer","FieldType":"Boolean","DefaultValue":"False","Description":"As Right Drawer","List":""},{"Key":"KeepContentsMounted","DisplayName":"Keep Contents Mounted","FieldType":"Boolean","DefaultValue":"False","Description":"Keep Contents Mounted","List":""},{"Key":"KeyboardClose","DisplayName":"Keyboard Close","FieldType":"Boolean","DefaultValue":"False","Description":"Keyboard Close","List":""},{"Key":"LeaveAnimation","DisplayName":"Leave Animation","FieldType":"String","DefaultValue":"","Description":"Leave Animation","List":""},{"Key":"Mode","DisplayName":"Mode","FieldType":"String","DefaultValue":"ios","Description":"Mode","List":"ios|md"},{"Key":"Reference","DisplayName":"Position Reference","FieldType":"String","DefaultValue":"trigger","Description":"Reference","List":"event|trigger"},{"Key":"ShowBackdrop","DisplayName":"Show Backdrop","FieldType":"Boolean","DefaultValue":"True","Description":"Show Backdrop","List":""},{"Key":"Side","DisplayName":"Position Side","FieldType":"String","DefaultValue":"bottom","Description":"Side","List":"bottom|end|left|right|start|top"},{"Key":"Size","DisplayName":"Size","FieldType":"String","DefaultValue":"auto","Description":"Size","List":"auto|cover"},{"Key":"Translucent","DisplayName":"Translucent","FieldType":"Boolean","DefaultValue":"False","Description":"Translucent","List":""},{"Key":"Trigger","DisplayName":"Trigger","FieldType":"String","DefaultValue":"","Description":"Trigger","List":""},{"Key":"TriggerAction","DisplayName":"Trigger Action","FieldType":"String","DefaultValue":"click","Description":"Trigger Action","List":"click|context-menu|hover"},{"Key":"Visible","DisplayName":"Visible","FieldType":"Boolean","DefaultValue":"True","Description":"If visible.","List":""}],"events":[{"name":"Cancel_Click (e As BANanoEvent)"},{"name":"Confirm_Click (Value As Map)"},{"name":"DidDismiss (e As BANanoEvent)"},{"name":"DidPresent (e As BANanoEvent)"},{"name":"IonPopoverDidDismiss (e As BANanoEvent)"},{"name":"IonPopoverDidPresent (e As BANanoEvent)"},{"name":"IonPopoverWillDismiss (e As BANanoEvent)"},{"name":"IonPopoverWillPresent (e As BANanoEvent)"},{"name":"WillDismiss (e As BANanoEvent)"},{"name":"WillPresent (e As BANanoEvent)"}],"methods":[{"name":"Class_Globals","signature":"Class_Globals"},{"name":"Initialize","signature":"Initialize (Callback As Object, Name As String, EventName As String)"},{"name":"getElement","signature":"getElement() As BANanoElement"},{"name":"getID","signature":"getID() As String"},{"name":"AddToParent","signature":"AddToParent(targetID As String, props As Map)"},{"name":"Remove","signature":"Remove()"},{"name":"setElement","signature":"setElement(e As BANanoElement)"},{"name":"LinkExisting","signature":"LinkExisting"},{"name":"TriggerEvent","signature":"TriggerEvent(event As String, params() As String)"},{"name":"getHere","signature":"getHere() As String"},{"name":"SetAttr","signature":"SetAttr(attr As String, text As String)"},{"name":"SetDataAttr","signature":"SetDataAttr(attr As String, text As String)"},{"name":"GetDataAttr","signature":"GetDataAttr(attr As String) As String"},{"name":"GetAttr","signature":"GetAttr(attr As String) As String"},{"name":"AddClass","signature":"AddClass(text As String)"},{"name":"RemoveClass","signature":"RemoveClass(text As String)"},{"name":"AddAttr","signature":"AddAttr(ms As Map)"},{"name":"RemoveAttr","signature":"RemoveAttr(attr As String)"},{"name":"AddStyleComputed","signature":"AddStyleComputed(attr As String, text As String)"},{"name":"AddStyle","signature":"AddStyle(ms As Map)"},{"name":"setVisible","signature":"setVisible(b As Boolean)"},{"name":"getVisible","signature":"getVisible As Boolean"},{"name":"On","signature":"On(event As String, args As List)"},{"name":"OnEvent","signature":"OnEvent(event As String, Module As Object, methodName As String, args As List)"},{"name":"DesignerCreateView","signature":"DesignerCreateView (Target As BANanoElement, Props As Map)"},{"name":"setParentID","signature":"setParentID(sParentID As String)"},{"name":"setRightDrawer","signature":"setRightDrawer(b As Boolean)"},{"name":"Confirm","signature":"Confirm(data As Object)"},{"name":"Cancel","signature":"Cancel"},{"name":"dismiss","signature":"dismiss(data As Object, role As String) As BANanoPromise"},{"name":"onDidDismiss","signature":"onDidDismiss() As BANanoPromise"},{"name":"onWillDismiss","signature":"onWillDismiss() As BANanoPromise"},{"name":"present","signature":"present() As BANanoPromise"},{"name":"setAlignment","signature":"setAlignment(s As String)"},{"name":"setAnimated","signature":"setAnimated(b As Boolean)"},{"name":"setArrow","signature":"setArrow(b As Boolean)"},{"name":"setBackdropDismiss","signature":"setBackdropDismiss(b As Boolean)"},{"name":"setBackdropOpacity","signature":"setBackdropOpacity(s As String)"},{"name":"setBackground","signature":"setBackground(s As String)"},{"name":"setBoxShadow","signature":"setBoxShadow(s As String)"},{"name":"setComponent","signature":"setComponent(s As String)"},{"name":"setComponentProps","signature":"setComponentProps(s As Map)"},{"name":"setDismissOnSelect","signature":"setDismissOnSelect(b As Boolean)"},{"name":"setEnterAnimation","signature":"setEnterAnimation(s As String)"},{"name":"setEvent","signature":"setEvent(s As String)"},{"name":"setHeight","signature":"setHeight(s As String)"},{"name":"setHtmlAttributes","signature":"setHtmlAttributes(s As String)"},{"name":"setIsOpen","signature":"setIsOpen(b As Boolean)"},{"name":"setKeepContentsMounted","signature":"setKeepContentsMounted(b As Boolean)"},{"name":"setKeyboardClose","signature":"setKeyboardClose(b As Boolean)"},{"name":"setLeaveAnimation","signature":"setLeaveAnimation(s As String)"},{"name":"setMaxHeight","signature":"setMaxHeight(s As String)"},{"name":"setMaxWidth","signature":"setMaxWidth(s As String)"},{"name":"setMinHeight","signature":"setMinHeight(s As String)"},{"name":"setMinWidth","signature":"setMinWidth(s As String)"},{"name":"setMode","signature":"setMode(s As String)"},{"name":"setOffsetX","signature":"setOffsetX(s As String)"},{"name":"setOffsetY","signature":"setOffsetY(s As String)"},{"name":"setReference","signature":"setReference(s As String)"},{"name":"setShowBackdrop","signature":"setShowBackdrop(b As Boolean)"},{"name":"setSide","signature":"setSide(s As String)"},{"name":"setSize","signature":"setSize(s As String)"},{"name":"setTranslucent","signature":"setTranslucent(b As Boolean)"},{"name":"setTrigger","signature":"setTrigger(s As String)"},{"name":"setTriggerAction","signature":"setTriggerAction(s As String)"},{"name":"setWidth","signature":"setWidth(s As String)"},{"name":"getAlignment","signature":"getAlignment As String"},{"name":"getAnimated","signature":"getAnimated As Boolean"},{"name":"getArrow","signature":"getArrow As Boolean"},{"name":"getBackdropDismiss","signature":"getBackdropDismiss As Boolean"},{"name":"getBackdropOpacity","signature":"getBackdropOpacity As String"},{"name":"getBackground","signature":"getBackground As String"},{"name":"getBoxShadow","signature":"getBoxShadow As String"},{"name":"getComponent","signature":"getComponent As String"},{"name":"getComponentProps","signature":"getComponentProps As Map"},{"name":"getDismissOnSelect","signature":"getDismissOnSelect As Boolean"},{"name":"getEnterAnimation","signature":"getEnterAnimation As String"},{"name":"getEvent","signature":"getEvent As String"},{"name":"getHeight","signature":"getHeight As String"},{"name":"getHtmlAttributes","signature":"getHtmlAttributes As String"},{"name":"getIsOpen","signature":"getIsOpen As Boolean"},{"name":"getKeepContentsMounted","signature":"getKeepContentsMounted As Boolean"},{"name":"getKeyboardClose","signature":"getKeyboardClose As Boolean"},{"name":"getLeaveAnimation","signature":"getLeaveAnimation As String"},{"name":"getMaxHeight","signature":"getMaxHeight As String"},{"name":"getMaxWidth","signature":"getMaxWidth As String"},{"name":"getMinHeight","signature":"getMinHeight As String"},{"name":"getMinWidth","signature":"getMinWidth As String"},{"name":"getMode","signature":"getMode As String"},{"name":"getOffsetX","signature":"getOffsetX As String"},{"name":"getOffsetY","signature":"getOffsetY As String"},{"name":"getReference","signature":"getReference As String"},{"name":"getShowBackdrop","signature":"getShowBackdrop As Boolean"},{"name":"getSide","signature":"getSide As String"},{"name":"getSize","signature":"getSize As String"},{"name":"getTranslucent","signature":"getTranslucent As Boolean"},{"name":"getTrigger","signature":"getTrigger As String"},{"name":"getTriggerAction","signature":"getTriggerAction As String"},{"name":"getWidth","signature":"getWidth As String"},{"name":"setText","signature":"setText(s As String)"},{"name":"getRoot","signature":"getRoot As SHLabel"},{"name":"GetIonContent","signature":"GetIonContent As SHIonContent"},{"name":"AddList","signature":"AddList(eID As String) As SHIonList"}]}