{"properties":[{"Key":"ParentID","DisplayName":"ParentID","FieldType":"String","DefaultValue":"","Description":"The ParentID of this component","List":""},{"Key":"CancelText","DisplayName":"Cancel Text","FieldType":"String","DefaultValue":"Cancel","Description":"Cancel Text","List":""},{"Key":"ClearText","DisplayName":"Clear Text","FieldType":"String","DefaultValue":"Clear","Description":"Clear Text","List":""},{"Key":"Color","DisplayName":"Color","FieldType":"String","DefaultValue":"none","Description":"Color","List":"danger|dark|light|medium|none|primary|secondary|success|tertiary|warning"},{"Key":"DayValues","DisplayName":"Day Values","FieldType":"String","DefaultValue":"","Description":"Day Values","List":""},{"Key":"Disabled","DisplayName":"Disabled","FieldType":"Boolean","DefaultValue":"False","Description":"Disabled","List":""},{"Key":"DoneText","DisplayName":"Done Text","FieldType":"String","DefaultValue":"Done","Description":"Done Text","List":""},{"Key":"FirstDayOfWeek","DisplayName":"First Day Of Week","FieldType":"String","DefaultValue":"0","Description":"First Day Of Week","List":""},{"Key":"HourCycle","DisplayName":"Hour Cycle","FieldType":"String","DefaultValue":"none","Description":"Hour Cycle","List":"h12|h23|none"},{"Key":"HourValues","DisplayName":"Hour Values","FieldType":"String","DefaultValue":"","Description":"Hour Values","List":""},{"Key":"IsDateEnabled","DisplayName":"Is Date Enabled","FieldType":"String","DefaultValue":"","Description":"Is Date Enabled","List":""},{"Key":"Locale","DisplayName":"Locale","FieldType":"String","DefaultValue":"default","Description":"Locale","List":""},{"Key":"MaxValue","DisplayName":"Max Value","FieldType":"String","DefaultValue":"","Description":"Max Value","List":""},{"Key":"MinValue","DisplayName":"Min Value","FieldType":"String","DefaultValue":"","Description":"Min Value","List":""},{"Key":"MinuteValues","DisplayName":"Minute Values","FieldType":"String","DefaultValue":"","Description":"Minute Values","List":""},{"Key":"Mode","DisplayName":"Mode","FieldType":"String","DefaultValue":"ios","Description":"Mode","List":"ios|md"},{"Key":"MonthValues","DisplayName":"Month Values","FieldType":"String","DefaultValue":"","Description":"Month Values","List":""},{"Key":"Multiple","DisplayName":"Multiple","FieldType":"Boolean","DefaultValue":"False","Description":"Multiple","List":""},{"Key":"Name","DisplayName":"Name","FieldType":"String","DefaultValue":"","Description":"Name","List":""},{"Key":"PreferWheel","DisplayName":"Prefer Wheel","FieldType":"Boolean","DefaultValue":"False","Description":"Prefer Wheel","List":""},{"Key":"Presentation","DisplayName":"Presentation","FieldType":"String","DefaultValue":"date-time","Description":"Presentation","List":"date|date-time|month|month-year|time|time-date|year"},{"Key":"Readonly","DisplayName":"Readonly","FieldType":"Boolean","DefaultValue":"False","Description":"Readonly","List":""},{"Key":"ShowClearButton","DisplayName":"Show Clear Button","FieldType":"Boolean","DefaultValue":"False","Description":"Show Clear Button","List":""},{"Key":"ShowDefaultButtons","DisplayName":"Show Default Buttons","FieldType":"Boolean","DefaultValue":"False","Description":"Show Default Buttons","List":""},{"Key":"ShowDefaultTimeLabel","DisplayName":"Show Default Time Label","FieldType":"Boolean","DefaultValue":"True","Description":"Show Default Time Label","List":""},{"Key":"ShowDefaultTitle","DisplayName":"Show Default Title","FieldType":"Boolean","DefaultValue":"False","Description":"Show Default Title","List":""},{"Key":"Title","DisplayName":"Title","FieldType":"String","DefaultValue":"Select Date","Description":"Title","List":""},{"Key":"TimeLabel","DisplayName":"Time Label","FieldType":"String","DefaultValue":"Time","Description":"Time Label","List":""},{"Key":"Size","DisplayName":"Size","FieldType":"String","DefaultValue":"fixed","Description":"Size","List":"cover|fixed"},{"Key":"Slot","DisplayName":"Slot","FieldType":"String","DefaultValue":"","Description":"Slot","List":""},{"Key":"TitleSelectedDatesFormatter","DisplayName":"Title Selected Dates Formatter","FieldType":"String","DefaultValue":"","Description":"Title Selected Dates Formatter","List":""},{"Key":"Value","DisplayName":"Value","FieldType":"String","DefaultValue":"","Description":"Value","List":""},{"Key":"YearValues","DisplayName":"Year Values","FieldType":"String","DefaultValue":"","Description":"Year Values","List":""},{"Key":"Visible","DisplayName":"Visible","FieldType":"Boolean","DefaultValue":"True","Description":"If visible.","List":""}],"events":[{"name":"IonBlur (e As BANanoEvent)"},{"name":"IonCancel (e As BANanoEvent)"},{"name":"IonChange (value As Object)"},{"name":"IonFocus (e As BANanoEvent)"}],"methods":[{"name":"Class_Globals","signature":"Class_Globals"},{"name":"Initialize","signature":"Initialize (Callback As Object, Name As String, EventName As String)"},{"name":"getElement","signature":"getElement() As BANanoElement"},{"name":"getID","signature":"getID() As String"},{"name":"AddToParent","signature":"AddToParent(targetID As String, props As Map)"},{"name":"Remove","signature":"Remove()"},{"name":"TriggerEvent","signature":"TriggerEvent(event As String, params() As String)"},{"name":"getHere","signature":"getHere() As String"},{"name":"SetAttr","signature":"SetAttr(attr As String, text As String)"},{"name":"SetDataAttr","signature":"SetDataAttr(attr As String, text As String)"},{"name":"GetDataAttr","signature":"GetDataAttr(attr As String) As String"},{"name":"GetAttr","signature":"GetAttr(attr As String) As String"},{"name":"AddClass","signature":"AddClass(text As String)"},{"name":"RemoveClass","signature":"RemoveClass(text As String)"},{"name":"AddAttr","signature":"AddAttr(ms As Map)"},{"name":"RemoveAttr","signature":"RemoveAttr(attr As String)"},{"name":"AddStyleComputed","signature":"AddStyleComputed(attr As String, text As String)"},{"name":"AddStyle","signature":"AddStyle(ms As Map)"},{"name":"setVisible","signature":"setVisible(b As Boolean)"},{"name":"getVisible","signature":"getVisible As Boolean"},{"name":"On","signature":"On(event As String, args As List)"},{"name":"OnEvent","signature":"OnEvent(event As String, Module As Object, methodName As String, args As List)"},{"name":"setValue","signature":"setValue(text As String)"},{"name":"setValueMultiple","signature":"setValueMultiple(dates As List)"},{"name":"getValue","signature":"getValue As String"},{"name":"DesignerCreateView","signature":"DesignerCreateView (Target As BANanoElement, Props As Map)"},{"name":"setParentID","signature":"setParentID(sParentID As String)"},{"name":"cancel","signature":"cancel() As BANanoPromise"},{"name":"confirm","signature":"confirm() As BANanoPromise"},{"name":"reset","signature":"reset() As BANanoPromise"},{"name":"setBackground","signature":"setBackground(s As String)"},{"name":"setBackgroundRgb","signature":"setBackgroundRgb(s As String)"},{"name":"setCancelText","signature":"setCancelText(s As String)"},{"name":"setClearText","signature":"setClearText(s As String)"},{"name":"setColor","signature":"setColor(s As String)"},{"name":"setDayValues","signature":"setDayValues(s As String)"},{"name":"setDisabled","signature":"setDisabled(b As Boolean)"},{"name":"setDoneText","signature":"setDoneText(s As String)"},{"name":"setFirstDayOfWeek","signature":"setFirstDayOfWeek(s As String)"},{"name":"setHourCycle","signature":"setHourCycle(s As String)"},{"name":"setHourValues","signature":"setHourValues(s As String)"},{"name":"setIsDateEnabled","signature":"setIsDateEnabled(s As String)"},{"name":"setLocale","signature":"setLocale(s As String)"},{"name":"setMaxValue","signature":"setMaxValue(s As String)"},{"name":"setMinValue","signature":"setMinValue(s As String)"},{"name":"setMinuteValues","signature":"setMinuteValues(s As String)"},{"name":"setMode","signature":"setMode(s As String)"},{"name":"setMonthValues","signature":"setMonthValues(s As String)"},{"name":"setMultiple","signature":"setMultiple(b As Boolean)"},{"name":"setName","signature":"setName(s As String)"},{"name":"setPreferWheel","signature":"setPreferWheel(b As Boolean)"},{"name":"setPresentation","signature":"setPresentation(s As String)"},{"name":"setReadonly","signature":"setReadonly(b As Boolean)"},{"name":"setShowClearButton","signature":"setShowClearButton(b As Boolean)"},{"name":"setShowDefaultButtons","signature":"setShowDefaultButtons(b As Boolean)"},{"name":"setShowDefaultTimeLabel","signature":"setShowDefaultTimeLabel(b As Boolean)"},{"name":"setShowDefaultTitle","signature":"setShowDefaultTitle(b As Boolean)"},{"name":"setSize","signature":"setSize(s As String)"},{"name":"setSlot","signature":"setSlot(s As String)"},{"name":"setTitleColor","signature":"setTitleColor(s As String)"},{"name":"setTitleSelectedDatesFormatter","signature":"setTitleSelectedDatesFormatter(s As String)"},{"name":"setWheelFadeBackgroundRgb","signature":"setWheelFadeBackgroundRgb(s As String)"},{"name":"setWheelHighlightBackground","signature":"setWheelHighlightBackground(s As String)"},{"name":"setYearValues","signature":"setYearValues(s As String)"},{"name":"getBackground","signature":"getBackground As String"},{"name":"getBackgroundRgb","signature":"getBackgroundRgb As String"},{"name":"getCancelText","signature":"getCancelText As String"},{"name":"getClearText","signature":"getClearText As String"},{"name":"getColor","signature":"getColor As String"},{"name":"getDayValues","signature":"getDayValues As String"},{"name":"getDisabled","signature":"getDisabled As Boolean"},{"name":"getDoneText","signature":"getDoneText As String"},{"name":"getFirstDayOfWeek","signature":"getFirstDayOfWeek As String"},{"name":"getHourCycle","signature":"getHourCycle As String"},{"name":"getHourValues","signature":"getHourValues As String"},{"name":"getIsDateEnabled","signature":"getIsDateEnabled As String"},{"name":"getLocale","signature":"getLocale As String"},{"name":"getMaxValue","signature":"getMaxValue As String"},{"name":"getMinValue","signature":"getMinValue As String"},{"name":"getMinuteValues","signature":"getMinuteValues As String"},{"name":"getMode","signature":"getMode As String"},{"name":"getMonthValues","signature":"getMonthValues As String"},{"name":"getMultiple","signature":"getMultiple As Boolean"},{"name":"getName","signature":"getName As String"},{"name":"getPreferWheel","signature":"getPreferWheel As Boolean"},{"name":"getPresentation","signature":"getPresentation As String"},{"name":"getReadonly","signature":"getReadonly As Boolean"},{"name":"getShowClearButton","signature":"getShowClearButton As Boolean"},{"name":"getShowDefaultButtons","signature":"getShowDefaultButtons As Boolean"},{"name":"getShowDefaultTimeLabel","signature":"getShowDefaultTimeLabel As Boolean"},{"name":"getShowDefaultTitle","signature":"getShowDefaultTitle As Boolean"},{"name":"getSize","signature":"getSize As String"},{"name":"getSlot","signature":"getSlot As String"},{"name":"getTitleColor","signature":"getTitleColor As String"},{"name":"getTitleSelectedDatesFormatter","signature":"getTitleSelectedDatesFormatter As String"},{"name":"getWheelFadeBackgroundRgb","signature":"getWheelFadeBackgroundRgb As String"},{"name":"getWheelHighlightBackground","signature":"getWheelHighlightBackground As String"},{"name":"getYearValues","signature":"getYearValues As String"},{"name":"setTimeLabel","signature":"setTimeLabel(eText As String)"},{"name":"setTitle","signature":"setTitle(eText As String)"},{"name":"AddButtons","signature":"AddButtons As SHIonButtons"},{"name":"GetIonButtons","signature":"GetIonButtons As SHIonButtons"},{"name":"ClearEvents","signature":"ClearEvents"},{"name":"AddEvent","signature":"AddEvent(eDate As String, textColor As String, backgroundColor As String)"},{"name":"RefreshEvents","signature":"RefreshEvents"},{"name":"getRoot","signature":"getRoot As SHLabel"},{"name":"LinkExisting","signature":"LinkExisting(bEvents As Boolean)"},{"name":"IsBlank","signature":"IsBlank As Boolean"},{"name":"setIsValid","signature":"setIsValid(b As Boolean)"},{"name":"ClearValidation","signature":"ClearValidation"},{"name":"setBorderRadius","signature":"setBorderRadius(s As String)"},{"name":"getBorderRadius","signature":"getBorderRadius As String"},{"name":"FormatDisplayDate","signature":"FormatDisplayDate(item As String, sFormat As String) As String\t\t\t'ignoredeadcode"}]}