{"properties":[{"Key":"ParentID","DisplayName":"ParentID","FieldType":"String","DefaultValue":"","Description":"The ParentID of this component","List":""},{"Key":"Color","DisplayName":"Color","FieldType":"String","DefaultValue":"none","Description":"Color","List":"danger|dark|light|medium|none|primary|secondary|success|tertiary|warning"},{"Key":"IonTextWrap","DisplayName":"Text Wrap","FieldType":"Boolean","DefaultValue":"False","Description":"Ion Text Wrap","List":""},{"Key":"Mode","DisplayName":"Mode","FieldType":"String","DefaultValue":"ios","Description":"Mode","List":"ios|md"},{"Key":"Position","DisplayName":"Position","FieldType":"String","DefaultValue":"none","Description":"Position","List":"fixed|floating|none|stacked"},{"Key":"Slot","DisplayName":"Slot","FieldType":"String","DefaultValue":"","Description":"Slot","List":""},{"Key":"Text","DisplayName":"Text","FieldType":"String","DefaultValue":"","Description":"Text","List":""},{"Key":"LoremIpsum","DisplayName":"Lorem Ipsum","FieldType":"Boolean","DefaultValue":"False","Description":"Lorem Ipsum","List":""},{"Key":"Visible","DisplayName":"Visible","FieldType":"Boolean","DefaultValue":"True","Description":"If visible.","List":""}],"events":[],"methods":[{"name":"Class_Globals","signature":"Class_Globals"},{"name":"Initialize","signature":"Initialize (Callback As Object, Name As String, EventName As String)"},{"name":"getElement","signature":"getElement() As BANanoElement"},{"name":"getID","signature":"getID() As String"},{"name":"AddToParent","signature":"AddToParent(targetID As String, props As Map)"},{"name":"Remove","signature":"Remove()"},{"name":"TriggerEvent","signature":"TriggerEvent(event As String, params() As String)"},{"name":"getHere","signature":"getHere() As String"},{"name":"SetAttr","signature":"SetAttr(attr As String, text As String)"},{"name":"SetDataAttr","signature":"SetDataAttr(attr As String, text As String)"},{"name":"GetDataAttr","signature":"GetDataAttr(attr As String) As String"},{"name":"GetAttr","signature":"GetAttr(attr As String) As String"},{"name":"AddClass","signature":"AddClass(text As String)"},{"name":"RemoveClass","signature":"RemoveClass(text As String)"},{"name":"AddAttr","signature":"AddAttr(ms As Map)"},{"name":"RemoveAttr","signature":"RemoveAttr(attr As String)"},{"name":"AddStyleComputed","signature":"AddStyleComputed(attr As String, text As String)"},{"name":"AddStyle","signature":"AddStyle(ms As Map)"},{"name":"setVisible","signature":"setVisible(b As Boolean)"},{"name":"getVisible","signature":"getVisible As Boolean"},{"name":"On","signature":"On(event As String, args As List)"},{"name":"OnEvent","signature":"OnEvent(event As String, Module As Object, methodName As String, args As List)"},{"name":"DesignerCreateView","signature":"DesignerCreateView (Target As BANanoElement, Props As Map)"},{"name":"setLoremIpsum","signature":"setLoremIpsum(b As Boolean)"},{"name":"setParentID","signature":"setParentID(sParentID As String)"},{"name":"setColor","signature":"setColor(s As String)"},{"name":"setTextWrap","signature":"setTextWrap(b As Boolean)"},{"name":"setLabelColor","signature":"setLabelColor(s As String)"},{"name":"setMode","signature":"setMode(s As String)"},{"name":"setPosition","signature":"setPosition(s As String)"},{"name":"setSlot","signature":"setSlot(s As String)"},{"name":"setText","signature":"setText(s As String)"},{"name":"getColor","signature":"getColor As String"},{"name":"getIonTextWrap","signature":"getIonTextWrap As Boolean"},{"name":"getLabelColor","signature":"getLabelColor As String"},{"name":"getMode","signature":"getMode As String"},{"name":"getPosition","signature":"getPosition As String"},{"name":"getSlot","signature":"getSlot As String"},{"name":"getText","signature":"getText As String"},{"name":"LinkExisting","signature":"LinkExisting"},{"name":"Title","signature":"Title As SHLabel"},{"name":"Subtitle","signature":"Subtitle As SHLabel"},{"name":"getRoot","signature":"getRoot As SHLabel"},{"name":"setHTML","signature":"setHTML(sHTML As String)"},{"name":"Append","signature":"Append(tmp As Object)"},{"name":"Clear","signature":"Clear"}]}