{"properties":[{"Key":"ParentID","DisplayName":"ParentID","FieldType":"String","DefaultValue":"","Description":"The ParentID of this component","List":""},{"Key":"TypeOf","DisplayName":"Type","FieldType":"String","DefaultValue":"div","Description":"Type","List":"div|ion-content"},{"Key":"Title","DisplayName":"Header / Page Title","FieldType":"String","DefaultValue":"Page","Description":"Header / Page Title","List":""},{"Key":"PageIcon","DisplayName":"Page Icon","FieldType":"String","DefaultValue":"logo-ionic","Description":"Page Icon","List":""},{"Key":"RouterName","DisplayName":"Router Name","FieldType":"String","DefaultValue":"approuter","Description":"The name of the app router. Dont change it","List":""},{"Key":"Path","DisplayName":"URL Path","FieldType":"String","DefaultValue":"/","Description":"Path for the Route","List":""},{"Key":"IsPage","DisplayName":"Is Page","FieldType":"Boolean","DefaultValue":"True","Description":"Adds ion-page","List":""},{"Key":"Component","DisplayName":"Component","FieldType":"String","DefaultValue":"","Description":"Component","List":""},{"Key":"Tab","DisplayName":"Tab","FieldType":"String","DefaultValue":"","Description":"Tab","List":""},{"Key":"Mode","DisplayName":"Mode","FieldType":"String","DefaultValue":"ios","Description":"Mode","List":"ios|md"},{"Key":"HasHeader","DisplayName":"Has Header","FieldType":"Boolean","DefaultValue":"False","Description":"Has Header","List":""},{"Key":"HeaderTranslucent","DisplayName":"Header Translucent","FieldType":"Boolean","DefaultValue":"False","Description":"Header Translucent","List":""},{"Key":"ToolbarColor","DisplayName":"Toolbar Color","FieldType":"String","DefaultValue":"none","Description":"Toolbar Color","List":"danger|dark|light|medium|none|primary|secondary|success|tertiary|warning"},{"Key":"HasLeftButtons","DisplayName":"Has Left Buttons","FieldType":"Boolean","DefaultValue":"True","Description":"Has Left Buttons","List":""},{"Key":"HasRightButtons","DisplayName":"Has Right Buttons","FieldType":"Boolean","DefaultValue":"True","Description":"Has Right Buttons","List":""},{"Key":"TitleColor","DisplayName":"Title Color","FieldType":"String","DefaultValue":"none","Description":"Title Color","List":"danger|dark|light|medium|none|primary|secondary|success|tertiary|warning"},{"Key":"HasMenuButton","DisplayName":"Has Menu Button","FieldType":"Boolean","DefaultValue":"False","Description":"Has Menu Button","List":""},{"Key":"MenuButtonAutoHide","DisplayName":"Menu Button Auto Hide","FieldType":"Boolean","DefaultValue":"True","Description":"Menu Button Auto Hide","List":""},{"Key":"MenuButtonColor","DisplayName":"Menu Button Color","FieldType":"String","DefaultValue":"","Description":"Menu Button Color","List":"danger|dark|light|medium|none|primary|secondary|success|tertiary|warning"},{"Key":"MenuId","DisplayName":"Menu Id","FieldType":"String","DefaultValue":"","Description":"Menu Id","List":""},{"Key":"HasBackButton","DisplayName":"Has Back Button","FieldType":"Boolean","DefaultValue":"False","Description":"Has Back Button","List":""},{"Key":"BackButtonHref","DisplayName":"Back Button Href","FieldType":"String","DefaultValue":"/","Description":"Back Button Href","List":""},{"Key":"BackButtonIcon","DisplayName":"Back Button Icon","FieldType":"String","DefaultValue":"","Description":"Back Button Icon","List":""},{"Key":"BackButtonText","DisplayName":"Back Button Text","FieldType":"String","DefaultValue":"Back","Description":"Back Button Text","List":""},{"Key":"HasContent","DisplayName":"Has Content","FieldType":"Boolean","DefaultValue":"True","Description":"Has Content","List":""},{"Key":"ContentIonPadding","DisplayName":"Content Ion Padding","FieldType":"Boolean","DefaultValue":"False","Description":"Content Ion Padding","List":""},{"Key":"ContentText","DisplayName":"Content Text","FieldType":"String","DefaultValue":"","Description":"Content Text","List":""},{"Key":"CenterContent","DisplayName":"CenterContent","FieldType":"Boolean","DefaultValue":"False","Description":"Center Content","List":""},{"Key":"ContentFullscreen","DisplayName":"Content Fullscreen","FieldType":"Boolean","DefaultValue":"False","Description":"Content Fullscreen","List":""},{"Key":"CoverImage","DisplayName":"Content Cover Image","FieldType":"String","DefaultValue":"","Description":"Cover Image","List":""},{"Key":"HasList","DisplayName":"Has List","FieldType":"Boolean","DefaultValue":"False","Description":"Has List","List":""},{"Key":"HasFooter","DisplayName":"Has Footer","FieldType":"Boolean","DefaultValue":"False","Description":"Has Footer","List":""},{"Key":"FooterTranslucent","DisplayName":"Footer Translucent","FieldType":"Boolean","DefaultValue":"False","Description":"Footer Translucent","List":""},{"Key":"Visible","DisplayName":"Visible","FieldType":"Boolean","DefaultValue":"True","Description":"If visible.","List":""}],"events":[{"name":"Back_Click (e As BANanoEvent)"},{"name":"Menu_Click (e As BANanoEvent)"}],"methods":[{"name":"Class_Globals","signature":"Class_Globals"},{"name":"Initialize","signature":"Initialize (Callback As Object, Name As String, EventName As String)"},{"name":"getElement","signature":"getElement() As BANanoElement"},{"name":"getID","signature":"getID() As String"},{"name":"AddToParent","signature":"AddToParent(targetID As String, props As Map)"},{"name":"Remove","signature":"Remove()"},{"name":"TriggerEvent","signature":"TriggerEvent(event As String, params() As String)"},{"name":"getHere","signature":"getHere() As String"},{"name":"SetAttr","signature":"SetAttr(attr As String, text As String)"},{"name":"SetDataAttr","signature":"SetDataAttr(attr As String, text As String)"},{"name":"GetDataAttr","signature":"GetDataAttr(attr As String) As String"},{"name":"GetAttr","signature":"GetAttr(attr As String) As String"},{"name":"AddClass","signature":"AddClass(text As String)"},{"name":"RemoveClass","signature":"RemoveClass(text As String)"},{"name":"AddAttr","signature":"AddAttr(ms As Map)"},{"name":"RemoveAttr","signature":"RemoveAttr(attr As String)"},{"name":"AddStyleComputed","signature":"AddStyleComputed(attr As String, text As String)"},{"name":"AddStyle","signature":"AddStyle(ms As Map)"},{"name":"setVisible","signature":"setVisible(b As Boolean)"},{"name":"getVisible","signature":"getVisible As Boolean"},{"name":"On","signature":"On(event As String, args As List)"},{"name":"OnEvent","signature":"OnEvent(event As String, Module As Object, methodName As String, args As List)"},{"name":"DesignerCreateView","signature":"DesignerCreateView (Target As BANanoElement, Props As Map)"},{"name":"setParentID","signature":"setParentID(sParentID As String)"},{"name":"setPgIcon","signature":"setPgIcon(s As String)"},{"name":"setPgTitle","signature":"setPgTitle(s As String)"},{"name":"getPgIcon","signature":"getPgIcon As String"},{"name":"getPgTitle","signature":"getPgTitle As String"},{"name":"setPgPath","signature":"setPgPath(s As String)"},{"name":"getPgPath","signature":"getPgPath As String"},{"name":"getPgName","signature":"getPgName As String"},{"name":"setCoverImage","signature":"setCoverImage(sImg As String)"},{"name":"setActive","signature":"setActive() As BANanoPromise"},{"name":"setComponent","signature":"setComponent(s As String)"},{"name":"setTab","signature":"setTab(s As String)"},{"name":"getComponent","signature":"getComponent As String"},{"name":"getTab","signature":"getTab As String"},{"name":"getRoot","signature":"getRoot As SHLabel"},{"name":"LinkExisting","signature":"LinkExisting"}]}