{"properties":[{"Key":"ParentID","DisplayName":"ParentID","FieldType":"String","DefaultValue":"","Description":"The ParentID of this component","List":""},{"Key":"Background","DisplayName":"Background","FieldType":"String","DefaultValue":"","Description":"Background","List":""},{"Key":"BorderColor","DisplayName":"Border Color","FieldType":"String","DefaultValue":"","Description":"Border Color","List":""},{"Key":"BorderStyle","DisplayName":"Border Style","FieldType":"String","DefaultValue":"","Description":"Border Style","List":""},{"Key":"BorderWidth","DisplayName":"Border Width","FieldType":"String","DefaultValue":"","Description":"Border Width","List":""},{"Key":"BorderRadius","DisplayName":"Border Radius","FieldType":"String","DefaultValue":"","Description":"Border Radius","List":""},{"Key":"Color","DisplayName":"Color","FieldType":"String","DefaultValue":"none","Description":"Color","List":"danger|dark|light|medium|none|primary|secondary|success|tertiary|warning"},{"Key":"MinHeight","DisplayName":"Min Height","FieldType":"String","DefaultValue":"","Description":"Min Height","List":""},{"Key":"Mode","DisplayName":"Mode","FieldType":"String","DefaultValue":"ios","Description":"Mode","List":"ios|md"},{"Key":"Opacity","DisplayName":"Opacity","FieldType":"String","DefaultValue":"","Description":"Opacity","List":""},{"Key":"PaddingBottom","DisplayName":"Padding Bottom","FieldType":"String","DefaultValue":"","Description":"Padding Bottom","List":""},{"Key":"PaddingEnd","DisplayName":"Padding End","FieldType":"String","DefaultValue":"","Description":"Padding End","List":""},{"Key":"PaddingStart","DisplayName":"Padding Start","FieldType":"String","DefaultValue":"","Description":"Padding Start","List":""},{"Key":"PaddingTop","DisplayName":"Padding Top","FieldType":"String","DefaultValue":"","Description":"Padding Top","List":""},{"Key":"Slot","DisplayName":"Slot","FieldType":"String","DefaultValue":"","Description":"Slot","List":""},{"Key":"TextColor","DisplayName":"Text Color","FieldType":"String","DefaultValue":"","Description":"Text Color","List":""},{"Key":"Visible","DisplayName":"Visible","FieldType":"Boolean","DefaultValue":"True","Description":"If visible.","List":""}],"events":[],"methods":[{"name":"Class_Globals","signature":"Class_Globals"},{"name":"Initialize","signature":"Initialize (Callback As Object, Name As String, EventName As String)"},{"name":"getElement","signature":"getElement() As BANanoElement"},{"name":"getID","signature":"getID() As String"},{"name":"AddToParent","signature":"AddToParent(targetID As String, props As Map)"},{"name":"Remove","signature":"Remove()"},{"name":"TriggerEvent","signature":"TriggerEvent(event As String, params() As String)"},{"name":"getHere","signature":"getHere() As String"},{"name":"SetAttr","signature":"SetAttr(attr As String, text As String)"},{"name":"SetDataAttr","signature":"SetDataAttr(attr As String, text As String)"},{"name":"GetDataAttr","signature":"GetDataAttr(attr As String) As String"},{"name":"GetAttr","signature":"GetAttr(attr As String) As String"},{"name":"AddClass","signature":"AddClass(text As String)"},{"name":"RemoveClass","signature":"RemoveClass(text As String)"},{"name":"AddAttr","signature":"AddAttr(ms As Map)"},{"name":"RemoveAttr","signature":"RemoveAttr(attr As String)"},{"name":"AddStyleComputed","signature":"AddStyleComputed(attr As String, text As String)"},{"name":"AddStyle","signature":"AddStyle(ms As Map)"},{"name":"setVisible","signature":"setVisible(b As Boolean)"},{"name":"getVisible","signature":"getVisible As Boolean"},{"name":"On","signature":"On(event As String, args As List)"},{"name":"OnEvent","signature":"OnEvent(event As String, Module As Object, methodName As String, args As List)"},{"name":"DesignerCreateView","signature":"DesignerCreateView (Target As BANanoElement, Props As Map)"},{"name":"setBorderRadius","signature":"setBorderRadius(s As String)"},{"name":"setParentID","signature":"setParentID(sParentID As String)"},{"name":"setBackground","signature":"setBackground(s As String)"},{"name":"setBorderColor","signature":"setBorderColor(s As String)"},{"name":"setBorderStyle","signature":"setBorderStyle(s As String)"},{"name":"setBorderWidth","signature":"setBorderWidth(s As String)"},{"name":"setColor","signature":"setColor(s As String)"},{"name":"setMinHeight","signature":"setMinHeight(s As String)"},{"name":"setMode","signature":"setMode(s As String)"},{"name":"setOpacity","signature":"setOpacity(s As String)"},{"name":"setPaddingBottom","signature":"setPaddingBottom(s As String)"},{"name":"setPaddingEnd","signature":"setPaddingEnd(s As String)"},{"name":"setPaddingStart","signature":"setPaddingStart(s As String)"},{"name":"setPaddingTop","signature":"setPaddingTop(s As String)"},{"name":"setSlot","signature":"setSlot(s As String)"},{"name":"setTextColor","signature":"setTextColor(s As String)"},{"name":"getBackground","signature":"getBackground As String"},{"name":"getBorderColor","signature":"getBorderColor As String"},{"name":"getBorderStyle","signature":"getBorderStyle As String"},{"name":"getBorderWidth","signature":"getBorderWidth As String"},{"name":"getColor","signature":"getColor As String"},{"name":"getMinHeight","signature":"getMinHeight As String"},{"name":"getMode","signature":"getMode As String"},{"name":"getOpacity","signature":"getOpacity As String"},{"name":"getPaddingBottom","signature":"getPaddingBottom As String"},{"name":"getPaddingEnd","signature":"getPaddingEnd As String"},{"name":"getPaddingStart","signature":"getPaddingStart As String"},{"name":"getPaddingTop","signature":"getPaddingTop As String"},{"name":"getSlot","signature":"getSlot As String"},{"name":"getTextColor","signature":"getTextColor As String"},{"name":"LinkExisting","signature":"LinkExisting"},{"name":"getRoot","signature":"getRoot As SHLabel"}]}