{"properties":[{"Key":"ParentID","DisplayName":"ParentID","FieldType":"String","DefaultValue":"","Description":"The ParentID of this component","List":""},{"Key":"Component","DisplayName":"Component","FieldType":"String","DefaultValue":"","Description":"Component","List":""},{"Key":"RouterDirection","DisplayName":"Router Direction","FieldType":"String","DefaultValue":"forward","Description":"Router Direction","List":"back|forward|root"},{"Key":"Visible","DisplayName":"Visible","FieldType":"Boolean","DefaultValue":"True","Description":"If visible.","List":""}],"events":[],"methods":[{"name":"Class_Globals","signature":"Class_Globals"},{"name":"Initialize","signature":"Initialize (Callback As Object, Name As String, EventName As String)"},{"name":"getElement","signature":"getElement() As BANanoElement"},{"name":"getID","signature":"getID() As String"},{"name":"AddToParent","signature":"AddToParent(targetID As String, props As Map)"},{"name":"Remove","signature":"Remove()"},{"name":"TriggerEvent","signature":"TriggerEvent(event As String, params() As String)"},{"name":"getHere","signature":"getHere() As String"},{"name":"SetAttr","signature":"SetAttr(attr As String, text As String)"},{"name":"SetDataAttr","signature":"SetDataAttr(attr As String, text As String)"},{"name":"GetDataAttr","signature":"GetDataAttr(attr As String) As String"},{"name":"GetAttr","signature":"GetAttr(attr As String) As String"},{"name":"AddClass","signature":"AddClass(text As String)"},{"name":"RemoveClass","signature":"RemoveClass(text As String)"},{"name":"AddAttr","signature":"AddAttr(ms As Map)"},{"name":"RemoveAttr","signature":"RemoveAttr(attr As String)"},{"name":"AddStyleComputed","signature":"AddStyleComputed(attr As String, text As String)"},{"name":"AddStyle","signature":"AddStyle(ms As Map)"},{"name":"setVisible","signature":"setVisible(b As Boolean)"},{"name":"getVisible","signature":"getVisible As Boolean"},{"name":"On","signature":"On(event As String, args As List)"},{"name":"OnEvent","signature":"OnEvent(event As String, Module As Object, methodName As String, args As List)"},{"name":"DesignerCreateView","signature":"DesignerCreateView (Target As BANanoElement, Props As Map)"},{"name":"setParentID","signature":"setParentID(sParentID As String)"},{"name":"setComponent","signature":"setComponent(s As String)"},{"name":"setComponentProps","signature":"setComponentProps(s As Map)"},{"name":"setRouterAnimation","signature":"setRouterAnimation(s As String)"},{"name":"setRouterDirection","signature":"setRouterDirection(s As String)"},{"name":"getComponent","signature":"getComponent As String"},{"name":"getComponentProps","signature":"getComponentProps As Map"},{"name":"getRouterAnimation","signature":"getRouterAnimation As String"},{"name":"getRouterDirection","signature":"getRouterDirection As String"},{"name":"getRoot","signature":"getRoot As SHLabel"},{"name":"LinkExisting","signature":"LinkExisting"}]}