{"properties":[{"Key":"ParentID","DisplayName":"ParentID","FieldType":"String","DefaultValue":"","Description":"The ParentID of this component","List":""},{"Key":"Inset","DisplayName":"Inset","FieldType":"Boolean","DefaultValue":"False","Description":"Inset","List":""},{"Key":"Lines","DisplayName":"Lines","FieldType":"String","DefaultValue":"none","Description":"Lines","List":"full|inset|none"},{"Key":"Mode","DisplayName":"Mode","FieldType":"String","DefaultValue":"ios","Description":"Mode","List":"ios|md"},{"Key":"Slot","DisplayName":"Slot","FieldType":"String","DefaultValue":"","Description":"Slot","List":""},{"Key":"Visible","DisplayName":"Visible","FieldType":"Boolean","DefaultValue":"True","Description":"If visible.","List":""},{"Key":"MarginAXYTBLR","DisplayName":"Margins","FieldType":"String","DefaultValue":"a=?; x=?; y=?; t=?; b=?; l=?; r=?","Description":"Margins A(all)-X(LR)-Y(TB)-T-B-L-R","List":""},{"Key":"PaddingAXYTBLR","DisplayName":"Paddings","FieldType":"String","DefaultValue":"a=?; x=?; y=?; t=?; b=?; l=?; r=?","Description":"Paddings A(all)-X(LR)-Y(TB)-T-B-L-R","List":""},{"Key":"RawClasses","DisplayName":"Classes (;)","FieldType":"String","DefaultValue":"","Description":"Classes added to the HTML tag.","List":""},{"Key":"RawStyles","DisplayName":"Styles (JSON)","FieldType":"String","DefaultValue":"","Description":"Styles added to the HTML tag. Must be a json String use = and ;","List":""},{"Key":"RawAttributes","DisplayName":"Attributes (JSON)","FieldType":"String","DefaultValue":"","Description":"Attributes added to the HTML tag. Must be a json String use = and ;","List":""}],"events":[{"name":"ItemClick (e As BANanoEvent)"},{"name":"ionChange (item As String, value As Object)"},{"name":"ButtonClick (item As String)"},{"name":"ChangePropertyBag (bag As Map)"}],"methods":[{"name":"Class_Globals","signature":"Class_Globals"},{"name":"Initialize","signature":"Initialize (Callback As Object, Name As String, EventName As String)"},{"name":"getElement","signature":"getElement() As BANanoElement"},{"name":"getID","signature":"getID() As String"},{"name":"AddToParent","signature":"AddToParent(targetID As String, props As Map)"},{"name":"Remove","signature":"Remove()"},{"name":"TriggerEvent","signature":"TriggerEvent(event As String, params() As String)"},{"name":"getHere","signature":"getHere() As String"},{"name":"SetAttr","signature":"SetAttr(attr As String, text As String)"},{"name":"SetDataAttr","signature":"SetDataAttr(attr As String, text As String)"},{"name":"GetDataAttr","signature":"GetDataAttr(attr As String) As String"},{"name":"GetAttr","signature":"GetAttr(attr As String) As String"},{"name":"AddClass","signature":"AddClass(text As String)"},{"name":"RemoveClass","signature":"RemoveClass(text As String)"},{"name":"AddAttr","signature":"AddAttr(ms As Map)"},{"name":"RemoveAttr","signature":"RemoveAttr(attr As String)"},{"name":"AddStyleComputed","signature":"AddStyleComputed(attr As String, text As String)"},{"name":"AddStyle","signature":"AddStyle(ms As Map)"},{"name":"setVisible","signature":"setVisible(b As Boolean)"},{"name":"getVisible","signature":"getVisible As Boolean"},{"name":"On","signature":"On(event As String, args As List)"},{"name":"OnEvent","signature":"OnEvent(event As String, Module As Object, methodName As String, args As List)"},{"name":"DesignerCreateView","signature":"DesignerCreateView (Target As BANanoElement, Props As Map)"},{"name":"setParentID","signature":"setParentID(sParentID As String)"},{"name":"closeSlidingItems","signature":"closeSlidingItems() As BANanoPromise"},{"name":"setInset","signature":"setInset(b As Boolean)"},{"name":"setLines","signature":"setLines(s As String)"},{"name":"setMode","signature":"setMode(s As String)"},{"name":"setSlot","signature":"setSlot(s As String)"},{"name":"getInset","signature":"getInset As Boolean"},{"name":"getLines","signature":"getLines As String"},{"name":"getMode","signature":"getMode As String"},{"name":"getSlot","signature":"getSlot As String"},{"name":"Clear","signature":"Clear"},{"name":"AddItemBadge","signature":"AddItemBadge(itemID As String, itemBadge As String, itemLabel As String) As SHIonItem"},{"name":"AddItemGroupDividerLabel","signature":"AddItemGroupDividerLabel(itemID As String, itemLabel As String) As SHIonItemGroup"},{"name":"AddItemDividerLabel","signature":"AddItemDividerLabel(itemID As String, itemLabel As String) As SHIonLabel"},{"name":"AddItemParagraph","signature":"AddItemParagraph(itemID As String, itemLabel As String) As SHIonItem"},{"name":"AddItemThumbnailLabel3","signature":"AddItemThumbnailLabel3(itemID As String, ImgSrc As String, itemLabel1 As String, itemLabel2 As String, itemLabel3 As String) As SHIonItem"},{"name":"AddItemThumbnailLabel2","signature":"AddItemThumbnailLabel2(itemID As String, ImgSrc As String, itemLabel1 As String, itemLabel2 As String) As SHIonItem"},{"name":"AddItemThumbnailLabel","signature":"AddItemThumbnailLabel(itemID As String, ImgSrc As String, itemLabel As String) As SHIonItem"},{"name":"AddItemAvatarLabel","signature":"AddItemAvatarLabel(itemID As String, ImgSrc As String, itemLabel As String) As SHIonItem"},{"name":"AddItemAvatarLabel2","signature":"AddItemAvatarLabel2(itemID As String, ImgSrc As String, itemLabel1 As String, itemLabel2 As String) As SHIonItem"},{"name":"AddItemAvatarLabel3","signature":"AddItemAvatarLabel3(itemID As String, ImgSrc As String, itemLabel1 As String, itemLabel2 As String, itemLabel3 As String) As SHIonItem"},{"name":"AddItemChipAvatarLabel","signature":"AddItemChipAvatarLabel(itemID As String, ImgSrc As String, itemLabel As String) As SHIonItem"},{"name":"AddBR","signature":"AddBR"},{"name":"AddItemSliding","signature":"AddItemSliding(itemID As String) As SHIonItemSliding"},{"name":"AddItemSlidingLabel","signature":"AddItemSlidingLabel(itemID As String, itemLabel As String) As SHIonItemSliding"},{"name":"AddItemLabel","signature":"AddItemLabel(itemID As String, itemLabel As String) As SHIonItem"},{"name":"AddItemCheckbox","signature":"AddItemCheckbox(itemID As String, itemLabel As String) As SHIonCheckbox"},{"name":"AddItemCheckboxButtonIcon","signature":"AddItemCheckboxButtonIcon(itemID As String, itemLabel As String, itemIcon As String, iconColor As String) As SHIonCheckbox"},{"name":"AddItemToggle","signature":"AddItemToggle(itemID As String, itemLabel As String) As SHIonToggle"},{"name":"AddItemRange","signature":"AddItemRange(itemID As String, itemValue As String, itemLabel As String) As SHIonRange"},{"name":"AddItemInput","signature":"AddItemInput(itemID As String, itemLabel As String) As SHIonInput"},{"name":"AddItemInputIcon","signature":"AddItemInputIcon(itemID As String, itemLabel As String, iconName As String) As SHIonInput"},{"name":"AddItemTextArea","signature":"AddItemTextArea(itemID As String, itemLabel As String) As SHIonTextarea"},{"name":"AddItemLabel2","signature":"AddItemLabel2(itemID As String, itemLabel1 As String, itemLabel2 As String) As SHIonItem"},{"name":"AddItemInputNumber","signature":"AddItemInputNumber(itemID As String, itemLabel As String) As SHIonInput"},{"name":"AddItemInputPassword","signature":"AddItemInputPassword(itemID As String, itemLabel As String) As SHIonInput"},{"name":"AddItemInputEmail","signature":"AddItemInputEmail(itemID As String, itemLabel As String) As SHIonInput"},{"name":"AddItemInputTelephone","signature":"AddItemInputTelephone(itemID As String, itemLabel As String) As SHIonInput"},{"name":"AddItemIconLabel","signature":"AddItemIconLabel(itemID As String, iconName As String, itemTitle As String) As SHIonItem"},{"name":"AddItemIconLabelEvent","signature":"AddItemIconLabelEvent(itemID As String, iconName As String, itemTitle As String) As SHIonItem"},{"name":"AddItemIconLabel2","signature":"AddItemIconLabel2(itemID As String, iconName As String, itemLabel1 As String, itemLabel2 As String) As SHIonItem"},{"name":"AddItemLabelIcon","signature":"AddItemLabelIcon(itemID As String, iconName As String, itemTitle As String) As SHIonItem"},{"name":"AddItemIconLabelIcon","signature":"AddItemIconLabelIcon(itemID As String, icon1Name As String, itemTitle As String, icon2Name As String) As SHIonItem"},{"name":"AddItemButtonLabel","signature":"AddItemButtonLabel(itemID As String, btnText As String, itemTitle As String) As SHIonButton"},{"name":"AddItemButton","signature":"AddItemButton(itemID As String, btnText As String) As SHIonButton"},{"name":"AddItemButtonIconLabel","signature":"AddItemButtonIconLabel(itemID As String, btnText As String, iconName As String, itemTitle As String) As SHIonButton"},{"name":"AddItemButtonIconOnlyLabel","signature":"AddItemButtonIconOnlyLabel(itemID As String, iconName As String, itemTitle As String) As SHIonButton"},{"name":"AddItemLabelButtonIconOnly","signature":"AddItemLabelButtonIconOnly(itemID As String, iconName As String, itemTitle As String) As SHIonButton"},{"name":"AddItemLabelButtonIcon","signature":"AddItemLabelButtonIcon(itemID As String, btnText As String, iconName As String, itemTitle As String) As SHIonButton"},{"name":"AddItemLabelButton","signature":"AddItemLabelButton(itemID As String, btnText As String, itemTitle As String) As SHIonButton"},{"name":"AddItemLabelNote","signature":"AddItemLabelNote(itemID As String, itemTitle As String, itemNote As String, noteSlot As String) As SHIonItem"},{"name":"AddListHeader","signature":"AddListHeader(eID As String) As SHIonListHeader"},{"name":"AddRadioGroup","signature":"AddRadioGroup(eID As String, eLabel As String, eValue As String, options As Map) As SHIonRadioGroup"},{"name":"AddItem","signature":"AddItem(eID As String, eText As String) As SHIonItem"},{"name":"GetIonItem","signature":"GetIonItem(itemID As String) As SHIonItem"},{"name":"AddItemPage","signature":"AddItemPage(pgObj As Object)"},{"name":"getRoot","signature":"getRoot As SHLabel"},{"name":"Append","signature":"Append(tmp As Object)"},{"name":"AddTemplateClickEvents","signature":"AddTemplateClickEvents(eventsL As List)"},{"name":"setHTML","signature":"setHTML(sHTML As String)"},{"name":"LinkExisting","signature":"LinkExisting"},{"name":"AddReorderGroup","signature":"AddReorderGroup(itemID As String) As SHIonReorderGroup"},{"name":"GetItemIDFromEvent","signature":"GetItemIDFromEvent(e As BANanoEvent) As String"},{"name":"SetActive","signature":"SetActive(itemID As String, IsActive As Boolean)"},{"name":"AddPropertyRadioGroup","signature":"AddPropertyRadioGroup (Key As String, Title As String, Options As Map)"},{"name":"AddPropertySelect","signature":"AddPropertySelect (Key As String, Title As Object, Options As Map)"},{"name":"SetPropertyItemsMap","signature":"SetPropertyItemsMap(Key As String, optionsM As Map)"},{"name":"SetPropertyItemsList","signature":"SetPropertyItemsList(Key As String, bSort As Boolean, optionsL As List)"},{"name":"AddPropertyCheckBox","signature":"AddPropertyCheckBox (Key As String, Title As Object)"},{"name":"AddPropertyToggle","signature":"AddPropertyToggle (Key As String, Title As Object)"},{"name":"AddPropertyTextBox","signature":"AddPropertyTextBox (Key As String, Title As Object)"},{"name":"AddPropertyTextBoxFixed","signature":"AddPropertyTextBoxFixed (Key As String, Title As Object)"},{"name":"AddPropertyNumber","signature":"AddPropertyNumber (Key As String, Title As Object)"},{"name":"AddPropertyDecimalNumber","signature":"AddPropertyDecimalNumber (Key As String, Title As Object)"},{"name":"AddPropertyTextArea","signature":"AddPropertyTextArea (Key As String, Title As Object, Rows As Int)"},{"name":"AddPropertyRange","signature":"AddPropertyRange (Key As String, Title As Object, RangeStart As Double, RangeEnd As Double, Interval As Double)"},{"name":"AddPropertyTime","signature":"AddPropertyTime (Key As String, Title As Object)"},{"name":"AddPropertyPassword","signature":"AddPropertyPassword (Key As String, Title As Object)"},{"name":"AddPropertyDate","signature":"AddPropertyDate (Key As String, Title As Object)"},{"name":"AddPropertyColor","signature":"AddPropertyColor(Key As String, Title As Object)"},{"name":"AddPropertyExplanation","signature":"AddPropertyExplanation (Key As String, Title As Object, Text As Object)"},{"name":"AddSeparator","signature":"AddSeparator (Title As Object)"},{"name":"ClearProperties","signature":"ClearProperties"},{"name":"CreateProperties","signature":"CreateProperties"},{"name":"AddItemLabelDateTimeButton","signature":"AddItemLabelDateTimeButton(itemID As String, itemTitle As String) As SHIonDatetime"},{"name":"GetProperties","signature":"GetProperties As Map"},{"name":"GetPropertyValue","signature":"GetPropertyValue(Key As String) As Object"},{"name":"SetPropertySelectClear","signature":"SetPropertySelectClear(propKey As String)"},{"name":"SetPropertySelectRefresh","signature":"SetPropertySelectRefresh(propKey As String)"},{"name":"SetPropertySelectAddItem","signature":"SetPropertySelectAddItem(propKey As String, k As String, v As String)"},{"name":"SetPropertyValue","signature":"SetPropertyValue(propKey As String, Value As Object)"},{"name":"SetPropertyRequired","signature":"SetPropertyRequired(propKey As String, Value As Boolean)"},{"name":"SetPropertyEnabled","signature":"SetPropertyEnabled(propKey As String, Value As Boolean)"},{"name":"SetPropertyFocus","signature":"SetPropertyFocus(propKey As String)"},{"name":"SetPropertyReadOnly","signature":"SetPropertyReadOnly(propKey As String, Value As Boolean)"},{"name":"SetPropertyVisible","signature":"SetPropertyVisible(propKey As String, Value As Boolean)"},{"name":"SetProperties","signature":"SetProperties(m As Map)"},{"name":"AddItemSelect","signature":"AddItemSelect(itemID As String, itemLabel As String, itemPlaceholder As String, options As Map) As SHIonSelect"},{"name":"AddItemInputColorPopOver","signature":"AddItemInputColorPopOver(itemID As String, itemTitle As String, hexColor As String, wheelDiameter As Int, wheelThickness As Int, handleDiameter As Int) As SHIonInput"},{"name":"SetPropertyComponentName","signature":"SetPropertyComponentName(value As String)"},{"name":"SetPropertyComponentType","signature":"SetPropertyComponentType(value As String)"},{"name":"SetPropertyComponentID","signature":"SetPropertyComponentID(value As String)"},{"name":"SetPropertyParentComponent","signature":"SetPropertyParentComponent(value As String)"},{"name":"SetPropertyParentDevice","signature":"SetPropertyParentDevice(value As Boolean)"},{"name":"ShowCustomView","signature":"ShowCustomView(compID As String, compName As String, compType As String, props As List, isComponent As Boolean)"},{"name":"setItemClickEventName","signature":"setItemClickEventName(en As String)"},{"name":"SetPropertiesDefaultValues","signature":"SetPropertiesDefaultValues(props As List)"}]}