{"properties":[{"Key":"ParentID","DisplayName":"ParentID","FieldType":"String","DefaultValue":"","Description":"The ParentID of this component","List":""},{"Key":"Color","DisplayName":"Color","FieldType":"String","DefaultValue":"none","Description":"Color","List":"danger|dark|light|medium|none|primary|secondary|success|tertiary|warning"},{"Key":"DefaultHref","DisplayName":"Default Href","FieldType":"String","DefaultValue":"#","Description":"Default Href","List":""},{"Key":"Disabled","DisplayName":"Disabled","FieldType":"Boolean","DefaultValue":"False","Description":"Disabled","List":""},{"Key":"Icon","DisplayName":"Icon","FieldType":"String","DefaultValue":"","Description":"Icon","List":""},{"Key":"Mode","DisplayName":"Mode","FieldType":"String","DefaultValue":"ios","Description":"Mode","List":"ios|md"},{"Key":"RouterAnimation","DisplayName":"Router Animation","FieldType":"String","DefaultValue":"","Description":"Router Animation","List":""},{"Key":"Text","DisplayName":"Text","FieldType":"String","DefaultValue":"","Description":"Text","List":""},{"Key":"TypeOf","DisplayName":"Type Of","FieldType":"String","DefaultValue":"button","Description":"Type Of","List":"button|reset|submit"},{"Key":"Visible","DisplayName":"Visible","FieldType":"Boolean","DefaultValue":"True","Description":"If visible.","List":""}],"events":[{"name":"Click (e As BANanoEvent)"}],"methods":[{"name":"Class_Globals","signature":"Class_Globals"},{"name":"Initialize","signature":"Initialize (Callback As Object, Name As String, EventName As String)"},{"name":"getElement","signature":"getElement() As BANanoElement"},{"name":"getID","signature":"getID() As String"},{"name":"AddToParent","signature":"AddToParent(targetID As String, props As Map)"},{"name":"Remove","signature":"Remove()"},{"name":"TriggerEvent","signature":"TriggerEvent(event As String, params() As String)"},{"name":"getHere","signature":"getHere() As String"},{"name":"SetAttr","signature":"SetAttr(attr As String, text As String)"},{"name":"SetDataAttr","signature":"SetDataAttr(attr As String, text As String)"},{"name":"GetDataAttr","signature":"GetDataAttr(attr As String) As String"},{"name":"GetAttr","signature":"GetAttr(attr As String) As String"},{"name":"AddClass","signature":"AddClass(text As String)"},{"name":"RemoveClass","signature":"RemoveClass(text As String)"},{"name":"AddAttr","signature":"AddAttr(ms As Map)"},{"name":"RemoveAttr","signature":"RemoveAttr(attr As String)"},{"name":"AddStyleComputed","signature":"AddStyleComputed(attr As String, text As String)"},{"name":"AddStyle","signature":"AddStyle(ms As Map)"},{"name":"setVisible","signature":"setVisible(b As Boolean)"},{"name":"getVisible","signature":"getVisible As Boolean"},{"name":"On","signature":"On(event As String, args As List)"},{"name":"OnEvent","signature":"OnEvent(event As String, Module As Object, methodName As String, args As List)"},{"name":"DesignerCreateView","signature":"DesignerCreateView (Target As BANanoElement, Props As Map)"},{"name":"setParentID","signature":"setParentID(sParentID As String)"},{"name":"setBackground","signature":"setBackground(s As String)"},{"name":"setBackgroundFocused","signature":"setBackgroundFocused(s As String)"},{"name":"setBackgroundFocusedOpacity","signature":"setBackgroundFocusedOpacity(s As String)"},{"name":"setBackgroundHover","signature":"setBackgroundHover(s As String)"},{"name":"setBackgroundHoverOpacity","signature":"setBackgroundHoverOpacity(s As String)"},{"name":"setBorderRadius","signature":"setBorderRadius(s As String)"},{"name":"setColor","signature":"setColor(s As String)"},{"name":"setColorFocused","signature":"setColorFocused(s As String)"},{"name":"setColorHover","signature":"setColorHover(s As String)"},{"name":"setDefaultHref","signature":"setDefaultHref(s As String)"},{"name":"setDisabled","signature":"setDisabled(b As Boolean)"},{"name":"setIcon","signature":"setIcon(s As String)"},{"name":"setIconFontSize","signature":"setIconFontSize(s As String)"},{"name":"setIconFontWeight","signature":"setIconFontWeight(s As String)"},{"name":"setIconMarginBottom","signature":"setIconMarginBottom(s As String)"},{"name":"setIconMarginEnd","signature":"setIconMarginEnd(s As String)"},{"name":"setIconMarginStart","signature":"setIconMarginStart(s As String)"},{"name":"setIconMarginTop","signature":"setIconMarginTop(s As String)"},{"name":"setIconPaddingBottom","signature":"setIconPaddingBottom(s As String)"},{"name":"setIconPaddingEnd","signature":"setIconPaddingEnd(s As String)"},{"name":"setIconPaddingStart","signature":"setIconPaddingStart(s As String)"},{"name":"setIconPaddingTop","signature":"setIconPaddingTop(s As String)"},{"name":"setMarginBottom","signature":"setMarginBottom(s As String)"},{"name":"setMarginEnd","signature":"setMarginEnd(s As String)"},{"name":"setMarginStart","signature":"setMarginStart(s As String)"},{"name":"setMarginTop","signature":"setMarginTop(s As String)"},{"name":"setMinHeight","signature":"setMinHeight(s As String)"},{"name":"setMinWidth","signature":"setMinWidth(s As String)"},{"name":"setMode","signature":"setMode(s As String)"},{"name":"setOpacity","signature":"setOpacity(s As String)"},{"name":"setPaddingBottom","signature":"setPaddingBottom(s As String)"},{"name":"setPaddingEnd","signature":"setPaddingEnd(s As String)"},{"name":"setPaddingStart","signature":"setPaddingStart(s As String)"},{"name":"setPaddingTop","signature":"setPaddingTop(s As String)"},{"name":"setRippleColor","signature":"setRippleColor(s As String)"},{"name":"setRouterAnimation","signature":"setRouterAnimation(s As String)"},{"name":"setText","signature":"setText(s As String)"},{"name":"setTextColor","signature":"setTextColor(s As String)"},{"name":"setTransition","signature":"setTransition(s As String)"},{"name":"setTypeOf","signature":"setTypeOf(s As String)"},{"name":"getBackground","signature":"getBackground As String"},{"name":"getBackgroundFocused","signature":"getBackgroundFocused As String"},{"name":"getBackgroundFocusedOpacity","signature":"getBackgroundFocusedOpacity As String"},{"name":"getBackgroundHover","signature":"getBackgroundHover As String"},{"name":"getBackgroundHoverOpacity","signature":"getBackgroundHoverOpacity As String"},{"name":"getBorderRadius","signature":"getBorderRadius As String"},{"name":"getColor","signature":"getColor As String"},{"name":"getColorFocused","signature":"getColorFocused As String"},{"name":"getColorHover","signature":"getColorHover As String"},{"name":"getDefaultHref","signature":"getDefaultHref As String"},{"name":"getDisabled","signature":"getDisabled As Boolean"},{"name":"getIcon","signature":"getIcon As String"},{"name":"getIconFontSize","signature":"getIconFontSize As String"},{"name":"getIconFontWeight","signature":"getIconFontWeight As String"},{"name":"getIconMarginBottom","signature":"getIconMarginBottom As String"},{"name":"getIconMarginEnd","signature":"getIconMarginEnd As String"},{"name":"getIconMarginStart","signature":"getIconMarginStart As String"},{"name":"getIconMarginTop","signature":"getIconMarginTop As String"},{"name":"getIconPaddingBottom","signature":"getIconPaddingBottom As String"},{"name":"getIconPaddingEnd","signature":"getIconPaddingEnd As String"},{"name":"getIconPaddingStart","signature":"getIconPaddingStart As String"},{"name":"getIconPaddingTop","signature":"getIconPaddingTop As String"},{"name":"getMarginBottom","signature":"getMarginBottom As String"},{"name":"getMarginEnd","signature":"getMarginEnd As String"},{"name":"getMarginStart","signature":"getMarginStart As String"},{"name":"getMarginTop","signature":"getMarginTop As String"},{"name":"getMinHeight","signature":"getMinHeight As String"},{"name":"getMinWidth","signature":"getMinWidth As String"},{"name":"getMode","signature":"getMode As String"},{"name":"getOpacity","signature":"getOpacity As String"},{"name":"getPaddingBottom","signature":"getPaddingBottom As String"},{"name":"getPaddingEnd","signature":"getPaddingEnd As String"},{"name":"getPaddingStart","signature":"getPaddingStart As String"},{"name":"getPaddingTop","signature":"getPaddingTop As String"},{"name":"getRippleColor","signature":"getRippleColor As String"},{"name":"getRouterAnimation","signature":"getRouterAnimation As String"},{"name":"getText","signature":"getText As String"},{"name":"getTextColor","signature":"getTextColor As String"},{"name":"getTransition","signature":"getTransition As String"},{"name":"getTypeOf","signature":"getTypeOf As String"},{"name":"LinkExisting","signature":"LinkExisting"},{"name":"getRoot","signature":"getRoot As SHLabel"}]}