{"properties":[{"Key":"ParentID","DisplayName":"ParentID","FieldType":"String","DefaultValue":"","Description":"The ParentID of this component","List":""},{"Key":"Button","DisplayName":"Button","FieldType":"Boolean","DefaultValue":"False","Description":"Button","List":""},{"Key":"Color","DisplayName":"Color","FieldType":"String","DefaultValue":"","Description":"Color","List":"danger|dark|light|medium|none|primary|secondary|success|tertiary|warning"},{"Key":"Disabled","DisplayName":"Disabled","FieldType":"Boolean","DefaultValue":"False","Description":"Disabled","List":""},{"Key":"Download","DisplayName":"Download","FieldType":"Boolean","DefaultValue":"False","Description":"Download","List":""},{"Key":"Href","DisplayName":"Href","FieldType":"String","DefaultValue":"","Description":"Href","List":""},{"Key":"Mode","DisplayName":"Mode","FieldType":"String","DefaultValue":"ios","Description":"Mode","List":"ios|md"},{"Key":"Rel","DisplayName":"Rel","FieldType":"String","DefaultValue":"","Description":"Rel","List":""},{"Key":"RouterAnimation","DisplayName":"Router Animation","FieldType":"String","DefaultValue":"","Description":"Router Animation","List":""},{"Key":"RouterDirection","DisplayName":"Router Direction","FieldType":"String","DefaultValue":"none","Description":"Router Direction","List":"back|forward|none|root"},{"Key":"Target","DisplayName":"Target","FieldType":"String","DefaultValue":"","Description":"Target","List":"_blank|_parent|_self|_top"},{"Key":"TypeOf","DisplayName":"Type Of","FieldType":"String","DefaultValue":"none","Description":"Type Of","List":"button|none|reset|submit"},{"Key":"Visible","DisplayName":"Visible","FieldType":"Boolean","DefaultValue":"True","Description":"If visible.","List":""}],"events":[],"methods":[{"name":"Class_Globals","signature":"Class_Globals"},{"name":"Initialize","signature":"Initialize (Callback As Object, Name As String, EventName As String)"},{"name":"getElement","signature":"getElement() As BANanoElement"},{"name":"getID","signature":"getID() As String"},{"name":"AddToParent","signature":"AddToParent(targetID As String, props As Map)"},{"name":"Remove","signature":"Remove()"},{"name":"TriggerEvent","signature":"TriggerEvent(event As String, params() As String)"},{"name":"getHere","signature":"getHere() As String"},{"name":"SetAttr","signature":"SetAttr(attr As String, text As String)"},{"name":"SetDataAttr","signature":"SetDataAttr(attr As String, text As String)"},{"name":"GetDataAttr","signature":"GetDataAttr(attr As String) As String"},{"name":"GetAttr","signature":"GetAttr(attr As String) As String"},{"name":"AddClass","signature":"AddClass(text As String)"},{"name":"RemoveClass","signature":"RemoveClass(text As String)"},{"name":"AddAttr","signature":"AddAttr(ms As Map)"},{"name":"RemoveAttr","signature":"RemoveAttr(attr As String)"},{"name":"AddStyleComputed","signature":"AddStyleComputed(attr As String, text As String)"},{"name":"AddStyle","signature":"AddStyle(ms As Map)"},{"name":"setVisible","signature":"setVisible(b As Boolean)"},{"name":"getVisible","signature":"getVisible As Boolean"},{"name":"On","signature":"On(event As String, args As List)"},{"name":"OnEvent","signature":"OnEvent(event As String, Module As Object, methodName As String, args As List)"},{"name":"DesignerCreateView","signature":"DesignerCreateView (Target As BANanoElement, Props As Map)"},{"name":"setParentID","signature":"setParentID(sParentID As String)"},{"name":"setBackground","signature":"setBackground(s As String)"},{"name":"setButton","signature":"setButton(b As Boolean)"},{"name":"setCardColor","signature":"setCardColor(s As String)"},{"name":"setColor","signature":"setColor(s As String)"},{"name":"setDisabled","signature":"setDisabled(b As Boolean)"},{"name":"setDownload","signature":"setDownload(b As Boolean)"},{"name":"setHref","signature":"setHref(s As String)"},{"name":"setMode","signature":"setMode(s As String)"},{"name":"setRel","signature":"setRel(s As String)"},{"name":"setRouterAnimation","signature":"setRouterAnimation(s As String)"},{"name":"setRouterDirection","signature":"setRouterDirection(s As String)"},{"name":"setTarget","signature":"setTarget(s As String)"},{"name":"setTypeOf","signature":"setTypeOf(s As String)"},{"name":"getBackground","signature":"getBackground As String"},{"name":"getButton","signature":"getButton As Boolean"},{"name":"getCardColor","signature":"getCardColor As String"},{"name":"getColor","signature":"getColor As String"},{"name":"getDisabled","signature":"getDisabled As Boolean"},{"name":"getDownload","signature":"getDownload As Boolean"},{"name":"getHref","signature":"getHref As String"},{"name":"getMode","signature":"getMode As String"},{"name":"getRel","signature":"getRel As String"},{"name":"getRouterAnimation","signature":"getRouterAnimation As String"},{"name":"getRouterDirection","signature":"getRouterDirection As String"},{"name":"getTarget","signature":"getTarget As String"},{"name":"getTypeOf","signature":"getTypeOf As String"},{"name":"AddImg","signature":"AddImg(eID As String, eSrc As String, eWidth As String, eHeight As String, eAlt As String) As SHImg"},{"name":"AddCardHeader","signature":"AddCardHeader() As SHIonCardHeader"},{"name":"GetIonCardHeader","signature":"GetIonCardHeader As SHIonCardHeader"},{"name":"AddCardContent","signature":"AddCardContent(eText As String) As SHIonCardContent"},{"name":"GetIonCardContent","signature":"GetIonCardContent As SHIonCardContent"},{"name":"getRoot","signature":"getRoot As SHLabel"},{"name":"LinkExisting","signature":"LinkExisting"}]}