{"properties":[{"Key":"ParentID","DisplayName":"ParentID","FieldType":"String","DefaultValue":"","Description":"The id of the element to place this into","List":""},{"Key":"IsButton","DisplayName":"Is Button","FieldType":"Boolean","DefaultValue":"False","Description":"Button","List":""},{"Key":"Color","DisplayName":"Color","FieldType":"String","DefaultValue":"none","Description":"Color","List":"danger|dark|light|medium|none|primary|secondary|success|tertiary|warning"},{"Key":"Detail","DisplayName":"Detail","FieldType":"Boolean","DefaultValue":"False","Description":"Detail","List":""},{"Key":"DetailIcon","DisplayName":"Detail Icon","FieldType":"String","DefaultValue":"chevronForward","Description":"Detail Icon","List":""},{"Key":"Disabled","DisplayName":"Disabled","FieldType":"Boolean","DefaultValue":"False","Description":"Disabled","List":""},{"Key":"Download","DisplayName":"Download","FieldType":"String","DefaultValue":"","Description":"Download","List":""},{"Key":"Fill","DisplayName":"Fill","FieldType":"String","DefaultValue":"none","Description":"Fill","List":"none|outline|solid"},{"Key":"Href","DisplayName":"Href","FieldType":"String","DefaultValue":"","Description":"Href","List":""},{"Key":"Lines","DisplayName":"Lines","FieldType":"String","DefaultValue":"none","Description":"Lines","List":"full|inset|none"},{"Key":"Mode","DisplayName":"Mode","FieldType":"String","DefaultValue":"ios","Description":"Mode","List":"ios|md"},{"Key":"Rel","DisplayName":"Rel","FieldType":"String","DefaultValue":"","Description":"Rel","List":""},{"Key":"RouterAnimation","DisplayName":"Router Animation","FieldType":"String","DefaultValue":"","Description":"Router Animation","List":""},{"Key":"RouterDirection","DisplayName":"Router Direction","FieldType":"String","DefaultValue":"forward","Description":"Router Direction","List":"back|forward|root"},{"Key":"Shape","DisplayName":"Shape","FieldType":"String","DefaultValue":"none","Description":"Shape","List":"none|round"},{"Key":"Slot","DisplayName":"Slot","FieldType":"String","DefaultValue":"","Description":"Slot","List":""},{"Key":"Target","DisplayName":"Target","FieldType":"String","DefaultValue":"none","Description":"Target","List":"_blank|_parent|_self|_top|none"},{"Key":"TypeOf","DisplayName":"Type Of","FieldType":"String","DefaultValue":"button","Description":"Type Of","List":"button|reset|submit"},{"Key":"Visible","DisplayName":"Visible","FieldType":"Boolean","DefaultValue":"True","Description":"If visible.","List":""},{"Key":"BorderRadius","DisplayName":"Border Radius","FieldType":"String","DefaultValue":"","Description":"Border Radius","List":""},{"Key":"Elevation","DisplayName":"Elevation","FieldType":"String","DefaultValue":"none","Description":"Elevation","List":"0|1|2|3|4|5|none"},{"Key":"MarginAXYTBLR","DisplayName":"Margins","FieldType":"String","DefaultValue":"a=?; x=?; y=?; t=?; b=?; l=?; r=?","Description":"Margins A(all)-X(LR)-Y(TB)-T-B-L-R","List":""},{"Key":"PaddingAXYTBLR","DisplayName":"Paddings","FieldType":"String","DefaultValue":"a=?; x=?; y=?; t=?; b=?; l=?; r=?","Description":"Paddings A(all)-X(LR)-Y(TB)-T-B-L-R","List":""},{"Key":"RawClasses","DisplayName":"Classes (;)","FieldType":"String","DefaultValue":"","Description":"Classes added to the HTML tag.","List":""},{"Key":"RawStyles","DisplayName":"Styles (JSON)","FieldType":"String","DefaultValue":"","Description":"Styles added to the HTML tag. Must be a json String use = and ;","List":""},{"Key":"RawAttributes","DisplayName":"Attributes (JSON)","FieldType":"String","DefaultValue":"","Description":"Attributes added to the HTML tag. Must be a json String use = and ;","List":""}],"events":[{"name":"Click (e As BANanoEvent)"}],"methods":[{"name":"Class_Globals","signature":"Class_Globals"},{"name":"Initialize","signature":"Initialize (Callback As Object, Name As String, EventName As String)"},{"name":"getElement","signature":"getElement() As BANanoElement"},{"name":"getID","signature":"getID() As String"},{"name":"AddToParent","signature":"AddToParent(targetID As String, props As Map)"},{"name":"Remove","signature":"Remove()"},{"name":"TriggerEvent","signature":"TriggerEvent(event As String, params() As String)"},{"name":"getHere","signature":"getHere() As String"},{"name":"SetAttr","signature":"SetAttr(attr As String, text As String)"},{"name":"SetDataAttr","signature":"SetDataAttr(attr As String, text As String)"},{"name":"GetDataAttr","signature":"GetDataAttr(attr As String) As String"},{"name":"GetAttr","signature":"GetAttr(attr As String) As String"},{"name":"AddClass","signature":"AddClass(text As String)"},{"name":"RemoveClass","signature":"RemoveClass(text As String)"},{"name":"AddAttr","signature":"AddAttr(ms As Map)"},{"name":"RemoveAttr","signature":"RemoveAttr(attr As String)"},{"name":"AddStyleComputed","signature":"AddStyleComputed(attr As String, text As String)"},{"name":"AddStyle","signature":"AddStyle(ms As Map)"},{"name":"setVisible","signature":"setVisible(b As Boolean)"},{"name":"getVisible","signature":"getVisible As Boolean"},{"name":"On","signature":"On(event As String, args As List)"},{"name":"SetItemClickEvent","signature":"SetItemClickEvent(eventName As String)"},{"name":"SetItemClickOnList","signature":"SetItemClickOnList(lst As SHIonList)"},{"name":"SetItemClickOnMenu","signature":"SetItemClickOnMenu(menu As SHIonMenu)"},{"name":"OnEvent","signature":"OnEvent(event As String, Module As Object, methodName As String, args As List)"},{"name":"DesignerCreateView","signature":"DesignerCreateView (Target As BANanoElement, Props As Map)"},{"name":"setElevation","signature":"setElevation(point As String)"},{"name":"setBackground","signature":"setBackground(s As String)"},{"name":"setBackgroundActivated","signature":"setBackgroundActivated(s As String)"},{"name":"setBackgroundActivatedOpacity","signature":"setBackgroundActivatedOpacity(s As String)"},{"name":"setBackgroundFocused","signature":"setBackgroundFocused(s As String)"},{"name":"setBackgroundFocusedOpacity","signature":"setBackgroundFocusedOpacity(s As String)"},{"name":"setBackgroundHover","signature":"setBackgroundHover(s As String)"},{"name":"setBackgroundHoverOpacity","signature":"setBackgroundHoverOpacity(s As String)"},{"name":"setBorderColor","signature":"setBorderColor(s As String)"},{"name":"setBorderRadius","signature":"setBorderRadius(s As String)"},{"name":"setBorderStyle","signature":"setBorderStyle(s As String)"},{"name":"setBorderWidth","signature":"setBorderWidth(s As String)"},{"name":"setIsButton","signature":"setIsButton(b As Boolean)"},{"name":"setText","signature":"setText(s As String)"},{"name":"setColor","signature":"setColor(s As String)"},{"name":"setColorActivated","signature":"setColorActivated(s As String)"},{"name":"setColorFocused","signature":"setColorFocused(s As String)"},{"name":"setColorHover","signature":"setColorHover(s As String)"},{"name":"setDetail","signature":"setDetail(b As Boolean)"},{"name":"setDetailIcon","signature":"setDetailIcon(s As String)"},{"name":"setDetailIconColor","signature":"setDetailIconColor(s As String)"},{"name":"setDetailIconFontSize","signature":"setDetailIconFontSize(s As String)"},{"name":"setDetailIconOpacity","signature":"setDetailIconOpacity(s As String)"},{"name":"setDisabled","signature":"setDisabled(b As Boolean)"},{"name":"setDownload","signature":"setDownload(s As String)"},{"name":"setFill","signature":"setFill(s As String)"},{"name":"setHighlightColorFocused","signature":"setHighlightColorFocused(s As String)"},{"name":"setHighlightColorInvalid","signature":"setHighlightColorInvalid(s As String)"},{"name":"setHighlightColorValid","signature":"setHighlightColorValid(s As String)"},{"name":"setHighlightHeight","signature":"setHighlightHeight(s As String)"},{"name":"setHref","signature":"setHref(s As String)"},{"name":"setInnerBorderWidth","signature":"setInnerBorderWidth(s As String)"},{"name":"setInnerBoxShadow","signature":"setInnerBoxShadow(s As String)"},{"name":"setInnerPaddingBottom","signature":"setInnerPaddingBottom(s As String)"},{"name":"setInnerPaddingEnd","signature":"setInnerPaddingEnd(s As String)"},{"name":"setInnerPaddingStart","signature":"setInnerPaddingStart(s As String)"},{"name":"setInnerPaddingTop","signature":"setInnerPaddingTop(s As String)"},{"name":"setItemColor","signature":"setItemColor(s As String)"},{"name":"setLines","signature":"setLines(s As String)"},{"name":"setMinHeight","signature":"setMinHeight(s As String)"},{"name":"setMode","signature":"setMode(s As String)"},{"name":"setPaddingBottom","signature":"setPaddingBottom(s As String)"},{"name":"setPaddingEnd","signature":"setPaddingEnd(s As String)"},{"name":"setPaddingStart","signature":"setPaddingStart(s As String)"},{"name":"setPaddingTop","signature":"setPaddingTop(s As String)"},{"name":"setRel","signature":"setRel(s As String)"},{"name":"setRippleColor","signature":"setRippleColor(s As String)"},{"name":"setRouterAnimation","signature":"setRouterAnimation(s As String)"},{"name":"setRouterDirection","signature":"setRouterDirection(s As String)"},{"name":"setRouterLink","signature":"setRouterLink(s As String)"},{"name":"setShape","signature":"setShape(s As String)"},{"name":"setSlot","signature":"setSlot(s As String)"},{"name":"setTarget","signature":"setTarget(s As String)"},{"name":"setTransition","signature":"setTransition(s As String)"},{"name":"setTypeOf","signature":"setTypeOf(s As String)"},{"name":"getBackground","signature":"getBackground As String"},{"name":"getBackgroundActivated","signature":"getBackgroundActivated As String"},{"name":"getBackgroundActivatedOpacity","signature":"getBackgroundActivatedOpacity As String"},{"name":"getBackgroundFocused","signature":"getBackgroundFocused As String"},{"name":"getBackgroundFocusedOpacity","signature":"getBackgroundFocusedOpacity As String"},{"name":"getBackgroundHover","signature":"getBackgroundHover As String"},{"name":"getBackgroundHoverOpacity","signature":"getBackgroundHoverOpacity As String"},{"name":"getBorderColor","signature":"getBorderColor As String"},{"name":"getBorderRadius","signature":"getBorderRadius As String"},{"name":"getBorderStyle","signature":"getBorderStyle As String"},{"name":"getBorderWidth","signature":"getBorderWidth As String"},{"name":"getIsButton","signature":"getIsButton As Boolean"},{"name":"getColor","signature":"getColor As String"},{"name":"getColorActivated","signature":"getColorActivated As String"},{"name":"getColorFocused","signature":"getColorFocused As String"},{"name":"getColorHover","signature":"getColorHover As String"},{"name":"getDetail","signature":"getDetail As Boolean"},{"name":"getDetailIcon","signature":"getDetailIcon As String"},{"name":"getDetailIconColor","signature":"getDetailIconColor As String"},{"name":"getDetailIconFontSize","signature":"getDetailIconFontSize As String"},{"name":"getDetailIconOpacity","signature":"getDetailIconOpacity As String"},{"name":"getDisabled","signature":"getDisabled As Boolean"},{"name":"getDownload","signature":"getDownload As String"},{"name":"getFill","signature":"getFill As String"},{"name":"getHighlightColorFocused","signature":"getHighlightColorFocused As String"},{"name":"getHighlightColorInvalid","signature":"getHighlightColorInvalid As String"},{"name":"getHighlightColorValid","signature":"getHighlightColorValid As String"},{"name":"getHighlightHeight","signature":"getHighlightHeight As String"},{"name":"getHref","signature":"getHref As String"},{"name":"getInnerBorderWidth","signature":"getInnerBorderWidth As String"},{"name":"getInnerBoxShadow","signature":"getInnerBoxShadow As String"},{"name":"getInnerPaddingBottom","signature":"getInnerPaddingBottom As String"},{"name":"getInnerPaddingEnd","signature":"getInnerPaddingEnd As String"},{"name":"getInnerPaddingStart","signature":"getInnerPaddingStart As String"},{"name":"getInnerPaddingTop","signature":"getInnerPaddingTop As String"},{"name":"getItemColor","signature":"getItemColor As String"},{"name":"getLines","signature":"getLines As String"},{"name":"getMinHeight","signature":"getMinHeight As String"},{"name":"getMode","signature":"getMode As String"},{"name":"getPaddingBottom","signature":"getPaddingBottom As String"},{"name":"getPaddingEnd","signature":"getPaddingEnd As String"},{"name":"getPaddingStart","signature":"getPaddingStart As String"},{"name":"getPaddingTop","signature":"getPaddingTop As String"},{"name":"getRel","signature":"getRel As String"},{"name":"getRippleColor","signature":"getRippleColor As String"},{"name":"getRouterAnimation","signature":"getRouterAnimation As String"},{"name":"getRouterDirection","signature":"getRouterDirection As String"},{"name":"getShape","signature":"getShape As String"},{"name":"getSlot","signature":"getSlot As String"},{"name":"getTarget","signature":"getTarget As String"},{"name":"getTransition","signature":"getTransition As String"},{"name":"getTypeOf","signature":"getTypeOf As String"},{"name":"GetIonBadge","signature":"GetIonBadge As SHIonBadge"},{"name":"GetIonLabel","signature":"GetIonLabel As SHIonLabel"},{"name":"GetLink","signature":"GetLink As SHLabel"},{"name":"GetSpan","signature":"GetSpan As SHLabel"},{"name":"GetLabel1","signature":"GetLabel1 As SHLabel"},{"name":"GetLabel2","signature":"GetLabel2 As SHLabel"},{"name":"GetLabel3","signature":"GetLabel3 As SHLabel"},{"name":"GetImg","signature":"GetImg As SHImg"},{"name":"GetIonButton","signature":"GetIonButton As SHIonButton"},{"name":"GetIonButtonIcon","signature":"GetIonButtonIcon As SHIonIcon"},{"name":"GetIonNote","signature":"GetIonNote As SHIonNote"},{"name":"GetIonAvatar","signature":"GetIonAvatar As SHIonAvatar"},{"name":"GetIonThumbnail","signature":"GetIonThumbnail As SHIonThumbnail"},{"name":"GetIonIcon","signature":"GetIonIcon As SHIonIcon"},{"name":"GetIonIcon1","signature":"GetIonIcon1 As SHIonIcon"},{"name":"GetIonIcon2","signature":"GetIonIcon2 As SHIonIcon"},{"name":"GetIonText","signature":"GetIonText As SHIonText"},{"name":"GetIonPopOver","signature":"GetIonPopOver As SHIonPopover"},{"name":"GetIonRange","signature":"GetIonRange As SHIonRange"},{"name":"GetIonToggle","signature":"GetIonToggle As SHIonToggle"},{"name":"GetIonCheckbox","signature":"GetIonCheckbox As SHIonCheckbox"},{"name":"GetIonSelect","signature":"GetIonSelect As SHIonSelect"},{"name":"GetIonReorder","signature":"GetIonReorder As SHIonReorder"},{"name":"GetIonDateTime","signature":"GetIonDateTime As SHIonDatetime"},{"name":"GetIonDateTimeButton","signature":"GetIonDateTimeButton As SHIonDatetimeButton"},{"name":"GetIonPopOverContent","signature":"GetIonPopOverContent As SHIonContent"},{"name":"getRoot","signature":"getRoot As SHLabel"},{"name":"LinkExisting","signature":"LinkExisting"},{"name":"setIsValid","signature":"setIsValid(b As Boolean)"},{"name":"setMarginTop","signature":"setMarginTop(w As String)"},{"name":"setMarginRight","signature":"setMarginRight(w As String)"},{"name":"setMarginBottom","signature":"setMarginBottom(w As String)"},{"name":"setMarginLeft","signature":"setMarginLeft(w As String)"},{"name":"setPaddingRight","signature":"setPaddingRight(w As String)"},{"name":"setPaddingLeft","signature":"setPaddingLeft(w As String)"}]}