{"properties":[{"Key":"ParentID","DisplayName":"ParentID","FieldType":"String","DefaultValue":"","Description":"The ParentID of this div","List":""},{"Key":"Border","DisplayName":"Border","FieldType":"Boolean","DefaultValue":"False","Description":"When This Setting Is Enabled The Content Of The Tree Will Be Wrapped By Borders.","List":""},{"Key":"CascadeCheck","DisplayName":"Cascade Check","FieldType":"Boolean","DefaultValue":"true","Description":"This Setting Enable Cascade Check And Uncheck Of Children","List":""},{"Key":"CascadeSelection","DisplayName":"Cascade Selection","FieldType":"Boolean","DefaultValue":"false","Description":"This Setting Enable Cascade Selection And Unselection Of Children","List":""},{"Key":"Checkboxes","DisplayName":"Checkboxes","FieldType":"Boolean","DefaultValue":"False","Description":"Add Checkbox For Each Node","If Set To True.":"If Set To True.","List":""},{"Key":"DragAndDrop","DisplayName":"Drag And Drop","FieldType":"Boolean","DefaultValue":"false","Description":"Drag And Drop","List":""},{"Key":"IconsLibrary","DisplayName":"Icons Library","FieldType":"String","DefaultValue":"materialicons","Description":"Icons Library","List":"materialicons|fontawesome"},{"Key":"IconsCollapse","DisplayName":"Icons Collapse","FieldType":"String","DefaultValue":"fa-solid fa-chevron-left","Description":"Icons Collapse","List":""},{"Key":"IconsExpand","DisplayName":"Icons Expand","FieldType":"String","DefaultValue":"fa-solid fa-chevron-right","Description":"Icons Expand","List":""},{"Key":"ImageCssClassField","DisplayName":"Image Css Class Field","FieldType":"String","DefaultValue":"","Description":"Image Css Class Field","List":""},{"Key":"ImageUrlField","DisplayName":"Image Url Field","FieldType":"String","DefaultValue":"","Description":"Image Url Field","List":""},{"Key":"LazyLoading","DisplayName":"Lazy Loading","FieldType":"Boolean","DefaultValue":"False","Description":"Lazy Loading","List":""},{"Key":"SelectionType","DisplayName":"Selection Type","FieldType":"String","DefaultValue":"single","Description":"Selection Type","List":"multiple|single"},{"Key":"UiLibrary","DisplayName":"Ui Library","FieldType":"String","DefaultValue":"materialdesign","Description":"Ui Library","List":"materialdesign|bootstrap|bootstrap4|bootstrap5"},{"Key":"Width","DisplayName":"Width","FieldType":"String","DefaultValue":"","Description":"Width","List":""},{"Key":"Visible","DisplayName":"Visible","FieldType":"Boolean","DefaultValue":"True","Description":"If visible.","List":""},{"Key":"MarginAXYTBLR","DisplayName":"Margins","FieldType":"String","DefaultValue":"a=?; x=?; y=?; t=?; b=?; l=?; r=?","Description":"Margins A-X-Y-T-B-L-R","List":""},{"Key":"PaddingAXYTBLR","DisplayName":"Paddings","FieldType":"String","DefaultValue":"a=?; x=?; y=?; t=?; b=?; l=?; r=?","Description":"Paddings A-X-Y-T-B-L-R","List":""},{"Key":"RawClasses","DisplayName":"Classes","FieldType":"String","DefaultValue":"","Description":"Classes added to the HTML tag.","List":""},{"Key":"RawStyles","DisplayName":"Styles","FieldType":"String","DefaultValue":"","Description":"Styles added to the HTML tag. Must be a json String- use =","List":""},{"Key":"RawAttributes","DisplayName":"Attributes","FieldType":"String","DefaultValue":"","Description":"Attributes added to the HTML tag. Must be a json String- use =","List":""}],"events":[{"name":"SelectNode (node as BANanoObject, id As String)"},{"name":"UnSelectNode (id As String)"},{"name":"NodeDrop (id As String, parentID As String, orderNumber As String)"}],"methods":[{"name":"Class_Globals","signature":"Class_Globals"},{"name":"DesignerCreateView","signature":"DesignerCreateView (Target As BANanoElement, Props As Map)"},{"name":"AddClass","signature":"AddClass(text As String)"},{"name":"RemoveClass","signature":"RemoveClass(text As String)"},{"name":"AddAttr","signature":"AddAttr(ms As Map)"},{"name":"RemoveAttr","signature":"RemoveAttr(attr As String)"},{"name":"SetAttr","signature":"SetAttr(attr As String, text As String)"},{"name":"SetDataAttr","signature":"SetDataAttr(attr As String, text As String)"},{"name":"AddStyleComputed","signature":"AddStyleComputed(attr As String, text As String)"},{"name":"AddStyle","signature":"AddStyle(ms As Map)"},{"name":"setVisible","signature":"setVisible(b As Boolean)"},{"name":"getVisible","signature":"getVisible As Boolean"},{"name":"Refresh","signature":"Refresh"},{"name":"ListToTree","signature":"ListToTree(tdata As List, idField As String, parentField As String, childname As String) As List"},{"name":"TreeToList","signature":"TreeToList(sourceList As List) As List"},{"name":"addNode","signature":"addNode(parentID As String, key As String, text As String, mhref As String, mIcon As String, mDisabled As Boolean)"},{"name":"getNodeById","signature":"getNodeById(id As String) As BANanoObject"},{"name":"AddItem","signature":"AddItem(parentID As String, key As String, text As String, mhref As String, mIcon As String, mDisabled As Boolean)"},{"name":"AddItemData","signature":"AddItemData(parentID As String, key As String, text As String, data As Map)"},{"name":"AddItems","signature":"AddItems(parentID As String, lkeys As List)"},{"name":"Clear","signature":"Clear"},{"name":"getNodeByText","signature":"getNodeByText(text As String) As BANanoObject"},{"name":"expandAll","signature":"expandAll"},{"name":"expandNode","signature":"expandNode(node As BANanoObject)"},{"name":"expandNodeByID","signature":"expandNodeByID(id As String)"},{"name":"collapseNode","signature":"collapseNode(node As BANanoObject)"},{"name":"collapseNodeByID","signature":"collapseNodeByID(id As String)"},{"name":"enableNode","signature":"enableNode(node As BANanoObject)"},{"name":"removeNode","signature":"removeNode(node As BANanoObject)"},{"name":"removeNodeByID","signature":"removeNodeByID(id As String)"},{"name":"selectNode","signature":"selectNode(node As BANanoObject)"},{"name":"selectNodeByID","signature":"selectNodeByID(id As String)"},{"name":"unselectNode","signature":"unselectNode(node As BANanoObject)"},{"name":"unselectNodeByID","signature":"unselectNodeByID(id As String)"},{"name":"disableNodeByID","signature":"disableNodeByID(id As String)"},{"name":"getChildrenByID","signature":"getChildrenByID(id As String, bCascade As Boolean) As List"},{"name":"disableNode","signature":"disableNode(node As BANanoObject)"},{"name":"checkNode","signature":"checkNode(node As BANanoObject)"},{"name":"checkNodeByID","signature":"checkNodeByID(nodeID As String)"},{"name":"UnCheckNode","signature":"UnCheckNode(node As BANanoObject)"},{"name":"updateNode","signature":"updateNode(id As String, data As Map)"},{"name":"reload","signature":"reload"},{"name":"checkAll","signature":"checkAll"},{"name":"selectAll","signature":"selectAll"},{"name":"unselectAll","signature":"unselectAll"},{"name":"uncheckAll","signature":"uncheckAll"},{"name":"destroy","signature":"destroy"},{"name":"enableAll","signature":"enableAll"},{"name":"disableAll","signature":"disableAll"},{"name":"getAll","signature":"getAll As List"},{"name":"getParents","signature":"getParents(nodeID As String) As List"},{"name":"getDataById","signature":"getDataById(id As String) As Map"},{"name":"getDataByText","signature":"getDataByText(text As String) As Map"},{"name":"getCheckedNodes","signature":"getCheckedNodes As List"},{"name":"getSelections","signature":"getSelections As List"},{"name":"getChildren","signature":"getChildren(node As BANanoObject, bCascade As Boolean) As List"},{"name":"Initialize","signature":"Initialize (CallBack As Object, cName As String, EventName As String)"},{"name":"setBorder","signature":"setBorder(b As Boolean)"},{"name":"setCascadeCheck","signature":"setCascadeCheck(b As Boolean)"},{"name":"setCascadeSelection","signature":"setCascadeSelection(b As Boolean)"},{"name":"setCheckboxes","signature":"setCheckboxes(b As Boolean)"},{"name":"setDragAndDrop","signature":"setDragAndDrop(b As Boolean)"},{"name":"setIconsLibrary","signature":"setIconsLibrary(s As String)"},{"name":"setIconsCollapse","signature":"setIconsCollapse(s As String)"},{"name":"setIconsExpand","signature":"setIconsExpand(s As String)"},{"name":"setImageCssClassField","signature":"setImageCssClassField(s As String)"},{"name":"setImageUrlField","signature":"setImageUrlField(s As String)"},{"name":"setLazyLoading","signature":"setLazyLoading(b As Boolean)"},{"name":"setSelectionType","signature":"setSelectionType(s As String)"},{"name":"setUiLibrary","signature":"setUiLibrary(s As String)"},{"name":"setWidth","signature":"setWidth(s As String)"},{"name":"getName","signature":"getName As String"},{"name":"getHere","signature":"getHere As String"},{"name":"AddToParent","signature":"AddToParent(targetID As String, props As Map)"}]}