{"properties":[{"Key":"ParentID","DisplayName":"ParentID","FieldType":"String","DefaultValue":"","Description":"The id of the element to place this into","List":""},{"Key":"Disabled","DisplayName":"Disabled","FieldType":"Boolean","DefaultValue":"False","Description":"Disabled","List":""},{"Key":"IonDrag","DisplayName":"Ion Drag","FieldType":"Boolean","DefaultValue":"False","Description":"Ion Drag","List":""},{"Key":"Visible","DisplayName":"Visible","FieldType":"Boolean","DefaultValue":"True","Description":"If visible.","List":""},{"Key":"BorderRadius","DisplayName":"Border Radius","FieldType":"String","DefaultValue":"","Description":"Border Radius","List":""},{"Key":"Elevation","DisplayName":"Elevation","FieldType":"String","DefaultValue":"none","Description":"Elevation","List":"0|1|2|3|4|5|none"},{"Key":"MarginAXYTBLR","DisplayName":"Margins","FieldType":"String","DefaultValue":"a=?; x=?; y=?; t=?; b=?; l=?; r=?","Description":"Margins A(all)-X(LR)-Y(TB)-T-B-L-R","List":""},{"Key":"PaddingAXYTBLR","DisplayName":"Paddings","FieldType":"String","DefaultValue":"a=?; x=?; y=?; t=?; b=?; l=?; r=?","Description":"Paddings A(all)-X(LR)-Y(TB)-T-B-L-R","List":""},{"Key":"RawClasses","DisplayName":"Classes (;)","FieldType":"String","DefaultValue":"","Description":"Classes added to the HTML tag.","List":""},{"Key":"RawStyles","DisplayName":"Styles (JSON)","FieldType":"String","DefaultValue":"","Description":"Styles added to the HTML tag. Must be a json String use = and ;","List":""},{"Key":"RawAttributes","DisplayName":"Attributes (JSON)","FieldType":"String","DefaultValue":"","Description":"Attributes added to the HTML tag. Must be a json String use = and ;","List":""}],"events":[{"name":"IonDrag (e As BANanoEvent)"}],"methods":[{"name":"Class_Globals","signature":"Class_Globals"},{"name":"Initialize","signature":"Initialize (Callback As Object, Name As String, EventName As String)"},{"name":"getElement","signature":"getElement() As BANanoElement"},{"name":"getID","signature":"getID() As String"},{"name":"AddToParent","signature":"AddToParent(targetID As String, props As Map)"},{"name":"Remove","signature":"Remove()"},{"name":"setElement","signature":"setElement(e As BANanoElement)"},{"name":"LinkExisting","signature":"LinkExisting"},{"name":"TriggerEvent","signature":"TriggerEvent(event As String, params() As String)"},{"name":"getHere","signature":"getHere() As String"},{"name":"SetAttr","signature":"SetAttr(attr As String, text As String)"},{"name":"SetDataAttr","signature":"SetDataAttr(attr As String, text As String)"},{"name":"GetDataAttr","signature":"GetDataAttr(attr As String) As String"},{"name":"GetAttr","signature":"GetAttr(attr As String) As String"},{"name":"AddClass","signature":"AddClass(text As String)"},{"name":"RemoveClass","signature":"RemoveClass(text As String)"},{"name":"AddAttr","signature":"AddAttr(ms As Map)"},{"name":"RemoveAttr","signature":"RemoveAttr(attr As String)"},{"name":"AddStyleComputed","signature":"AddStyleComputed(attr As String, text As String)"},{"name":"AddStyle","signature":"AddStyle(ms As Map)"},{"name":"setVisible","signature":"setVisible(b As Boolean)"},{"name":"getVisible","signature":"getVisible As Boolean"},{"name":"On","signature":"On(event As String, args As List)"},{"name":"OnEvent","signature":"OnEvent(event As String, Module As Object, methodName As String, args As List)"},{"name":"DesignerCreateView","signature":"DesignerCreateView (Target As BANanoElement, Props As Map)"},{"name":"setBorderRadius","signature":"setBorderRadius(s As String)"},{"name":"getBorderRadius","signature":"getBorderRadius As String"},{"name":"setElevation","signature":"setElevation(point As String)"},{"name":"close","signature":"close() As BANanoPromise"},{"name":"closeOpened","signature":"closeOpened() As BANanoPromise"},{"name":"getOpenAmount","signature":"getOpenAmount() As BANanoPromise"},{"name":"getSlidingRatio","signature":"getSlidingRatio() As BANanoPromise"},{"name":"open","signature":"open() As BANanoPromise"},{"name":"setDisabled","signature":"setDisabled(b As Boolean)"},{"name":"setIonDrag","signature":"setIonDrag(b As Boolean)"},{"name":"getDisabled","signature":"getDisabled As Boolean"},{"name":"getIonDrag","signature":"getIonDrag As Boolean"},{"name":"AddStartOption","signature":"AddStartOption(eID As String, eText As String, eColor As String) As SHIonItemOption"},{"name":"AddItemOptions","signature":"AddItemOptions(itemID As String, side As String) As SHIonItemOptions"},{"name":"AddStartOptionIconOnly","signature":"AddStartOptionIconOnly(eID As String, eIcon As String, eColor As String) As SHIonItemOption"},{"name":"AddStartOptionIconLabel","signature":"AddStartOptionIconLabel(eID As String, eText As String, eIcon As String, eColor As String) As SHIonItemOption"},{"name":"AddStartOptionIconTop","signature":"AddStartOptionIconTop(eID As String, eText As String, eIcon As String, eColor As String) As SHIonItemOption"},{"name":"AddStartOptionIconBottom","signature":"AddStartOptionIconBottom(eID As String, eText As String, eIcon As String, eColor As String) As SHIonItemOption"},{"name":"AddStartOptionLabelIcon","signature":"AddStartOptionLabelIcon(eID As String, eText As String, eIcon As String, eColor As String) As SHIonItemOption"},{"name":"AddEndOptionIconLabel","signature":"AddEndOptionIconLabel(eID As String, eText As String, eIcon As String, eColor As String) As SHIonItemOption"},{"name":"AddEndOptionIconTop","signature":"AddEndOptionIconTop(eID As String, eText As String, eIcon As String, eColor As String) As SHIonItemOption"},{"name":"AddEndOptionIconBottom","signature":"AddEndOptionIconBottom(eID As String, eText As String, eIcon As String, eColor As String) As SHIonItemOption"},{"name":"AddEndOptionLabelIcon","signature":"AddEndOptionLabelIcon(eID As String, eText As String, eIcon As String, eColor As String) As SHIonItemOption"},{"name":"AddEndOption","signature":"AddEndOption(eID As String, eText As String, eColor As String) As SHIonItemOption"},{"name":"AddEndOptionIconOnly","signature":"AddEndOptionIconOnly(eID As String, eIcon As String, eColor As String) As SHIonItemOption"},{"name":"AddItemLabel","signature":"AddItemLabel(itemLabel As String) As SHIonItem"},{"name":"GetIonLabel","signature":"GetIonLabel As SHIonLabel"},{"name":"GetIonIcon","signature":"GetIonIcon As SHIonIcon"},{"name":"getRoot","signature":"getRoot As SHLabel"},{"name":"Append","signature":"Append(tmp As Object)"},{"name":"setMarginTop","signature":"setMarginTop(w As String)"},{"name":"setMarginRight","signature":"setMarginRight(w As String)"},{"name":"setMarginBottom","signature":"setMarginBottom(w As String)"},{"name":"setMarginLeft","signature":"setMarginLeft(w As String)"},{"name":"setPaddingTop","signature":"setPaddingTop(w As String)"},{"name":"setPaddingRight","signature":"setPaddingRight(w As String)"},{"name":"setPaddingBottom","signature":"setPaddingBottom(w As String)"},{"name":"setPaddingLeft","signature":"setPaddingLeft(w As String)"}]}