{"properties":[{"Key":"ParentID","DisplayName":"ParentID","FieldType":"String","DefaultValue":"","Description":"The ParentID of this component","List":""},{"Key":"Animated","DisplayName":"Animated","FieldType":"Boolean","DefaultValue":"True","Description":"Animated","List":""},{"Key":"Animation","DisplayName":"Animation","FieldType":"String","DefaultValue":"","Description":"Animation","List":""},{"Key":"Root","DisplayName":"Root","FieldType":"String","DefaultValue":"","Description":"Root","List":""},{"Key":"SwipeGesture","DisplayName":"Swipe Gesture","FieldType":"String","DefaultValue":"","Description":"Swipe Gesture","List":""},{"Key":"Visible","DisplayName":"Visible","FieldType":"Boolean","DefaultValue":"True","Description":"If visible.","List":""}],"events":[{"name":"IonNavDidChange (e As BANanoEvent)"},{"name":"IonNavWillChange (e As BANanoEvent)"}],"methods":[{"name":"Class_Globals","signature":"Class_Globals"},{"name":"Initialize","signature":"Initialize (Callback As Object, Name As String, EventName As String)"},{"name":"getElement","signature":"getElement() As BANanoElement"},{"name":"getID","signature":"getID() As String"},{"name":"AddToParent","signature":"AddToParent(targetID As String, props As Map)"},{"name":"Remove","signature":"Remove()"},{"name":"TriggerEvent","signature":"TriggerEvent(event As String, params() As String)"},{"name":"getHere","signature":"getHere() As String"},{"name":"SetAttr","signature":"SetAttr(attr As String, text As String)"},{"name":"SetDataAttr","signature":"SetDataAttr(attr As String, text As String)"},{"name":"GetDataAttr","signature":"GetDataAttr(attr As String) As String"},{"name":"GetAttr","signature":"GetAttr(attr As String) As String"},{"name":"AddClass","signature":"AddClass(text As String)"},{"name":"RemoveClass","signature":"RemoveClass(text As String)"},{"name":"AddAttr","signature":"AddAttr(ms As Map)"},{"name":"RemoveAttr","signature":"RemoveAttr(attr As String)"},{"name":"AddStyleComputed","signature":"AddStyleComputed(attr As String, text As String)"},{"name":"AddStyle","signature":"AddStyle(ms As Map)"},{"name":"setVisible","signature":"setVisible(b As Boolean)"},{"name":"getVisible","signature":"getVisible As Boolean"},{"name":"On","signature":"On(event As String, args As List)"},{"name":"OnEvent","signature":"OnEvent(event As String, Module As Object, methodName As String, args As List)"},{"name":"DesignerCreateView","signature":"DesignerCreateView (Target As BANanoElement, Props As Map)"},{"name":"setParentID","signature":"setParentID(sParentID As String)"},{"name":"canGoBack","signature":"canGoBack() As BANanoPromise"},{"name":"getActive","signature":"getActive() As BANanoPromise"},{"name":"getByIndex","signature":"getByIndex() As BANanoPromise"},{"name":"getPrevious","signature":"getPrevious() As BANanoPromise"},{"name":"insert","signature":"insert() As BANanoPromise"},{"name":"insertPages","signature":"insertPages() As BANanoPromise"},{"name":"pop","signature":"pop() As BANanoPromise"},{"name":"popTo","signature":"popTo() As BANanoPromise"},{"name":"popToRoot","signature":"popToRoot() As BANanoPromise"},{"name":"push","signature":"push(sPath As String, sDirection As String) As BANanoPromise"},{"name":"removeIndex","signature":"removeIndex() As BANanoPromise"},{"name":"setPages","signature":"setPages() As BANanoPromise"},{"name":"setRoot","signature":"setRoot() As BANanoPromise"},{"name":"setAnimated","signature":"setAnimated(b As Boolean)"},{"name":"setAnimation","signature":"setAnimation(s As String)"},{"name":"setRootPage","signature":"setRootPage(s As String)"},{"name":"setRootParams","signature":"setRootParams(s As String)"},{"name":"setSwipeGesture","signature":"setSwipeGesture(s As String)"},{"name":"getAnimated","signature":"getAnimated As Boolean"},{"name":"getAnimation","signature":"getAnimation As String"},{"name":"getRoot","signature":"getRoot As String"},{"name":"getRootParams","signature":"getRootParams As String"},{"name":"getSwipeGesture","signature":"getSwipeGesture As String"},{"name":"LinkExisting","signature":"LinkExisting(bEvents As Boolean)"}]}