{"properties":[{"Key":"ParentID","DisplayName":"ParentID","FieldType":"String","DefaultValue":"","Description":"The ParentID of this component","List":""},{"Key":"AriaLabel","DisplayName":"Aria Label","FieldType":"String","DefaultValue":"","Description":"Aria Label","List":""},{"Key":"CancelText","DisplayName":"Cancel Text","FieldType":"String","DefaultValue":"","Description":"Cancel Text","List":""},{"Key":"Color","DisplayName":"Color","FieldType":"String","DefaultValue":"none","Description":"Color","List":"danger|dark|light|medium|none|primary|secondary|success|tertiary|warning"},{"Key":"Disabled","DisplayName":"Disabled","FieldType":"Boolean","DefaultValue":"False","Description":"Disabled","List":""},{"Key":"ExpandedIcon","DisplayName":"Expanded Icon","FieldType":"String","DefaultValue":"","Description":"Expanded Icon","List":""},{"Key":"Fill","DisplayName":"Fill","FieldType":"String","DefaultValue":"none","Description":"Fill","List":"none|outline|solid"},{"Key":"Interface","DisplayName":"Interface","FieldType":"String","DefaultValue":"alert","Description":"Interface","List":"action-sheet|alert|popover"},{"Key":"Justify","DisplayName":"Justify","FieldType":"String","DefaultValue":"space-between","Description":"Justify","List":"end|space-between|start"},{"Key":"Label","DisplayName":"Label","FieldType":"String","DefaultValue":"","Description":"Label","List":""},{"Key":"LabelPlacement","DisplayName":"Label Placement","FieldType":"String","DefaultValue":"start","Description":"Label Placement","List":"end|fixed|floating|none|stacked|start"},{"Key":"Legacy","DisplayName":"Legacy","FieldType":"Boolean","DefaultValue":"False","Description":"Legacy","List":""},{"Key":"Mode","DisplayName":"Mode","FieldType":"String","DefaultValue":"ios","Description":"Mode","List":"ios|md"},{"Key":"Multiple","DisplayName":"Multiple","FieldType":"Boolean","DefaultValue":"False","Description":"Multiple","List":""},{"Key":"Name","DisplayName":"Name","FieldType":"String","DefaultValue":"","Description":"Name","List":""},{"Key":"OkText","DisplayName":"Ok Text","FieldType":"String","DefaultValue":"OK","Description":"Ok Text","List":""},{"Key":"Placeholder","DisplayName":"Placeholder","FieldType":"String","DefaultValue":"","Description":"Placeholder","List":""},{"Key":"SelectedText","DisplayName":"Selected Text","FieldType":"String","DefaultValue":"","Description":"Selected Text","List":""},{"Key":"RawKeyValues","DisplayName":"Key Values (JSON)","FieldType":"String","DefaultValue":"","Description":"Key Values (JSON)","List":""},{"Key":"Shape","DisplayName":"Shape","FieldType":"String","DefaultValue":"none","Description":"Shape","List":"none|round"},{"Key":"ToggleIcon","DisplayName":"Toggle Icon","FieldType":"String","DefaultValue":"","Description":"Toggle Icon","List":""},{"Key":"Value","DisplayName":"Value","FieldType":"String","DefaultValue":"","Description":"Value","List":""},{"Key":"Visible","DisplayName":"Visible","FieldType":"Boolean","DefaultValue":"True","Description":"If visible.","List":""}],"events":[{"name":"IonBlur (e As BANanoEvent)"},{"name":"IonCancel (e As BANanoEvent)"},{"name":"IonChange (value As Object)"},{"name":"IonDismiss (e As BANanoEvent)"},{"name":"IonFocus (e As BANanoEvent)"}],"methods":[{"name":"Class_Globals","signature":"Class_Globals"},{"name":"Initialize","signature":"Initialize (Callback As Object, Name As String, EventName As String)"},{"name":"getElement","signature":"getElement() As BANanoElement"},{"name":"getID","signature":"getID() As String"},{"name":"AddToParent","signature":"AddToParent(targetID As String, props As Map)"},{"name":"Remove","signature":"Remove()"},{"name":"TriggerEvent","signature":"TriggerEvent(event As String, params() As String)"},{"name":"getHere","signature":"getHere() As String"},{"name":"SetAttr","signature":"SetAttr(attr As String, text As String)"},{"name":"SetDataAttr","signature":"SetDataAttr(attr As String, text As String)"},{"name":"GetDataAttr","signature":"GetDataAttr(attr As String) As String"},{"name":"GetAttr","signature":"GetAttr(attr As String) As String"},{"name":"AddClass","signature":"AddClass(text As String)"},{"name":"RemoveClass","signature":"RemoveClass(text As String)"},{"name":"AddAttr","signature":"AddAttr(ms As Map)"},{"name":"RemoveAttr","signature":"RemoveAttr(attr As String)"},{"name":"AddStyleComputed","signature":"AddStyleComputed(attr As String, text As String)"},{"name":"AddStyle","signature":"AddStyle(ms As Map)"},{"name":"setVisible","signature":"setVisible(b As Boolean)"},{"name":"getVisible","signature":"getVisible As Boolean"},{"name":"On","signature":"On(event As String, args As List)"},{"name":"OnEvent","signature":"OnEvent(event As String, Module As Object, methodName As String, args As List)"},{"name":"setValue","signature":"setValue(text As String)"},{"name":"getValue","signature":"getValue As String"},{"name":"DesignerCreateView","signature":"DesignerCreateView (Target As BANanoElement, Props As Map)"},{"name":"setRawKeyValues","signature":"setRawKeyValues(s As String)"},{"name":"getRawKeyValues","signature":"getRawKeyValues As String"},{"name":"setParentID","signature":"setParentID(sParentID As String)"},{"name":"open","signature":"open() As BANanoPromise"},{"name":"setAriaLabel","signature":"setAriaLabel(s As String)"},{"name":"setBackground","signature":"setBackground(s As String)"},{"name":"setBorderColor","signature":"setBorderColor(s As String)"},{"name":"setBorderRadius","signature":"setBorderRadius(s As String)"},{"name":"setBorderStyle","signature":"setBorderStyle(s As String)"},{"name":"setBorderWidth","signature":"setBorderWidth(s As String)"},{"name":"setCancelText","signature":"setCancelText(s As String)"},{"name":"setColor","signature":"setColor(s As String)"},{"name":"setCompareWith","signature":"setCompareWith(s As Map)"},{"name":"setDisabled","signature":"setDisabled(b As Boolean)"},{"name":"setExpandedIcon","signature":"setExpandedIcon(s As String)"},{"name":"setFill","signature":"setFill(s As String)"},{"name":"setHighlightColorFocused","signature":"setHighlightColorFocused(s As String)"},{"name":"setHighlightColorInvalid","signature":"setHighlightColorInvalid(s As String)"},{"name":"setHighlightColorValid","signature":"setHighlightColorValid(s As String)"},{"name":"setInterface","signature":"setInterface(s As String)"},{"name":"setInterfaceOptions","signature":"setInterfaceOptions(s As Map)"},{"name":"setJustify","signature":"setJustify(s As String)"},{"name":"setLabel","signature":"setLabel(s As String)"},{"name":"setLabelPlacement","signature":"setLabelPlacement(s As String)"},{"name":"setLegacy","signature":"setLegacy(b As Boolean)"},{"name":"setMode","signature":"setMode(s As String)"},{"name":"setMultiple","signature":"setMultiple(b As boolean)"},{"name":"setName","signature":"setName(s As String)"},{"name":"setOkText","signature":"setOkText(s As String)"},{"name":"setPaddingBottom","signature":"setPaddingBottom(s As String)"},{"name":"setPaddingEnd","signature":"setPaddingEnd(s As String)"},{"name":"setPaddingStart","signature":"setPaddingStart(s As String)"},{"name":"setPaddingTop","signature":"setPaddingTop(s As String)"},{"name":"setPlaceholder","signature":"setPlaceholder(s As String)"},{"name":"setPlaceholderColor","signature":"setPlaceholderColor(s As String)"},{"name":"setPlaceholderOpacity","signature":"setPlaceholderOpacity(s As String)"},{"name":"setRippleColor","signature":"setRippleColor(s As String)"},{"name":"setSelectedText","signature":"setSelectedText(s As String)"},{"name":"setShape","signature":"setShape(s As String)"},{"name":"setToggleIcon","signature":"setToggleIcon(s As String)"},{"name":"getAriaLabel","signature":"getAriaLabel As String"},{"name":"getBackground","signature":"getBackground As String"},{"name":"getBorderColor","signature":"getBorderColor As String"},{"name":"getBorderRadius","signature":"getBorderRadius As String"},{"name":"getBorderStyle","signature":"getBorderStyle As String"},{"name":"getBorderWidth","signature":"getBorderWidth As String"},{"name":"getCancelText","signature":"getCancelText As String"},{"name":"getColor","signature":"getColor As String"},{"name":"getCompareWith","signature":"getCompareWith As Map"},{"name":"getDisabled","signature":"getDisabled As Boolean"},{"name":"getExpandedIcon","signature":"getExpandedIcon As String"},{"name":"getFill","signature":"getFill As String"},{"name":"getHighlightColorFocused","signature":"getHighlightColorFocused As String"},{"name":"getHighlightColorInvalid","signature":"getHighlightColorInvalid As String"},{"name":"getHighlightColorValid","signature":"getHighlightColorValid As String"},{"name":"getInterface","signature":"getInterface As String"},{"name":"getInterfaceOptions","signature":"getInterfaceOptions As Map"},{"name":"getJustify","signature":"getJustify As String"},{"name":"getLabel","signature":"getLabel As String"},{"name":"getLabelPlacement","signature":"getLabelPlacement As String"},{"name":"getLegacy","signature":"getLegacy As Boolean"},{"name":"getMode","signature":"getMode As String"},{"name":"getMultiple","signature":"getMultiple As Boolean"},{"name":"getName","signature":"getName As String"},{"name":"getOkText","signature":"getOkText As String"},{"name":"getPaddingBottom","signature":"getPaddingBottom As String"},{"name":"getPaddingEnd","signature":"getPaddingEnd As String"},{"name":"getPaddingStart","signature":"getPaddingStart As String"},{"name":"getPaddingTop","signature":"getPaddingTop As String"},{"name":"getPlaceholder","signature":"getPlaceholder As String"},{"name":"getPlaceholderColor","signature":"getPlaceholderColor As String"},{"name":"getPlaceholderOpacity","signature":"getPlaceholderOpacity As String"},{"name":"getRippleColor","signature":"getRippleColor As String"},{"name":"getSelectedText","signature":"getSelectedText As String"},{"name":"getShape","signature":"getShape As String"},{"name":"getToggleIcon","signature":"getToggleIcon As String"},{"name":"Clear","signature":"Clear"},{"name":"AddItem","signature":"AddItem(eValue As String, eText As String)"},{"name":"AddItems","signature":"AddItems(optionsM As Map)"},{"name":"AddItemsFromList","signature":"AddItemsFromList(bSort As Boolean, optionsL As List)"},{"name":"SetItemsFromList","signature":"SetItemsFromList(bSort As Boolean, optionsL As List)"},{"name":"SetItems","signature":"SetItems(optionsL As Map)"},{"name":"Refresh","signature":"Refresh"},{"name":"getRoot","signature":"getRoot As SHLabel"},{"name":"LinkExisting","signature":"LinkExisting"},{"name":"IsBlank","signature":"IsBlank As Boolean"},{"name":"setIsValid","signature":"setIsValid(b As Boolean)"},{"name":"ClearValidation","signature":"ClearValidation"}]}