{"properties":[{"Key":"ParentID","DisplayName":"ParentID","FieldType":"String","DefaultValue":"","Description":"The ParentID of this component","List":""},{"Key":"Background","DisplayName":"Background","FieldType":"String","DefaultValue":"","Description":"Background","List":""},{"Key":"Border","DisplayName":"Border","FieldType":"String","DefaultValue":"","Description":"Border","List":""},{"Key":"Color","DisplayName":"Color","FieldType":"String","DefaultValue":"none","Description":"Color","List":"danger|dark|light|medium|none|primary|secondary|success|tertiary|warning"},{"Key":"Mode","DisplayName":"Mode","FieldType":"String","DefaultValue":"ios","Description":"Mode","List":"ios|md"},{"Key":"SelectedTab","DisplayName":"Selected Tab","FieldType":"String","DefaultValue":"","Description":"Selected Tab","List":""},{"Key":"Slot","DisplayName":"Slot","FieldType":"String","DefaultValue":"none","Description":"Slot","List":"bottom|none|top"},{"Key":"TabColor","DisplayName":"Tab Color","FieldType":"String","DefaultValue":"","Description":"Tab Color","List":""},{"Key":"FixedAtBottom","DisplayName":"Fixed At Bottom","FieldType":"Boolean","DefaultValue":"False","Description":"Fixed At Bottom","List":""},{"Key":"Translucent","DisplayName":"Translucent","FieldType":"Boolean","DefaultValue":"False","Description":"Translucent","List":"ios|md"},{"Key":"Visible","DisplayName":"Visible","FieldType":"Boolean","DefaultValue":"True","Description":"If visible.","List":""}],"events":[],"methods":[{"name":"Class_Globals","signature":"Class_Globals"},{"name":"Initialize","signature":"Initialize (Callback As Object, Name As String, EventName As String)"},{"name":"setParentID","signature":"setParentID(sParentID As String)"},{"name":"getElement","signature":"getElement() As BANanoElement"},{"name":"getID","signature":"getID() As String"},{"name":"AddToParent","signature":"AddToParent(targetID As String, props As Map)"},{"name":"Remove","signature":"Remove()"},{"name":"TriggerEvent","signature":"TriggerEvent(event As String, params() As String)"},{"name":"getHere","signature":"getHere() As String"},{"name":"SetAttr","signature":"SetAttr(attr As String, text As String)"},{"name":"SetDataAttr","signature":"SetDataAttr(attr As String, text As String)"},{"name":"GetDataAttr","signature":"GetDataAttr(attr As String) As String"},{"name":"GetAttr","signature":"GetAttr(attr As String) As String"},{"name":"AddClass","signature":"AddClass(text As String)"},{"name":"RemoveClass","signature":"RemoveClass(text As String)"},{"name":"AddAttr","signature":"AddAttr(ms As Map)"},{"name":"RemoveAttr","signature":"RemoveAttr(attr As String)"},{"name":"AddStyleComputed","signature":"AddStyleComputed(attr As String, text As String)"},{"name":"AddStyle","signature":"AddStyle(ms As Map)"},{"name":"setVisible","signature":"setVisible(b As Boolean)"},{"name":"getVisible","signature":"getVisible As Boolean"},{"name":"On","signature":"On(event As String, args As List)"},{"name":"OnEvent","signature":"OnEvent(event As String, Module As Object, methodName As String, args As List)"},{"name":"DesignerCreateView","signature":"DesignerCreateView (Target As BANanoElement, Props As Map)"},{"name":"setFixedAtBottom","signature":"setFixedAtBottom(b As Boolean)"},{"name":"setBackground","signature":"setBackground(s As String)"},{"name":"setBorder","signature":"setBorder(s As String)"},{"name":"setColor","signature":"setColor(s As String)"},{"name":"setMode","signature":"setMode(s As String)"},{"name":"setSelectedTab","signature":"setSelectedTab(s As String)"},{"name":"setSlot","signature":"setSlot(s As String)"},{"name":"setTabColor","signature":"setTabColor(s As String)"},{"name":"setTranslucent","signature":"setTranslucent(b As Boolean)"},{"name":"getBackground","signature":"getBackground As String"},{"name":"getBorder","signature":"getBorder As String"},{"name":"getColor","signature":"getColor As String"},{"name":"getMode","signature":"getMode As String"},{"name":"getSelectedTab","signature":"getSelectedTab As String"},{"name":"getSlot","signature":"getSlot As String"},{"name":"getTabColor","signature":"getTabColor As String"},{"name":"getTranslucent","signature":"getTranslucent As Boolean"},{"name":"LinkExisting","signature":"LinkExisting"},{"name":"AddButtonLabelIcon","signature":"AddButtonLabelIcon(itemID As String, tabName As String, iconName As String, itemTitle As String) As SHIonTabButton"},{"name":"AddButtonIconLabel","signature":"AddButtonIconLabel(itemID As String, tabName As String, iconName As String, itemTitle As String) As SHIonTabButton"},{"name":"AddButtonIcon","signature":"AddButtonIcon(itemID As String, tabName As String, iconName As String) As SHIonTabButton"},{"name":"AddButtonIconBadge","signature":"AddButtonIconBadge(itemID As String, tabName As String, iconName As String, tabBadge As String) As SHIonTabButton"},{"name":"AddItemPage","signature":"AddItemPage(pgObj As Object) As SHIonTabButton"},{"name":"AddItemPageIcon","signature":"AddItemPageIcon(pgObj As Object) As SHIonTabButton"},{"name":"AddItemPageIconBadge","signature":"AddItemPageIconBadge(pgObj As Object) As SHIonTabButton"},{"name":"getRoot","signature":"getRoot As SHLabel"},{"name":"AddTabButton","signature":"AddTabButton(eID As String) As SHIonTabButton"}]}