{"properties":[{"Key":"ParentID","DisplayName":"ParentID","FieldType":"String","DefaultValue":"","Description":"The ParentID of this component","List":""},{"Key":"ToastType","DisplayName":"Toast Type","FieldType":"String","DefaultValue":"custom","Description":"Toast Type","List":"ok-cancel|ok-only|retry-cancel|yes-no|yes-no-cancel|custom"},{"Key":"Animated","DisplayName":"Animated","FieldType":"Boolean","DefaultValue":"True","Description":"Animated","List":""},{"Key":"Color","DisplayName":"Color","FieldType":"String","DefaultValue":"none","Description":"Color","List":"danger|dark|light|medium|none|primary|secondary|success|tertiary|warning"},{"Key":"CssClass","DisplayName":"Css Class","FieldType":"String","DefaultValue":"","Description":"Css Class","List":""},{"Key":"Duration","DisplayName":"Duration","FieldType":"Int","DefaultValue":"0","Description":"Duration","List":""},{"Key":"EnterAnimation","DisplayName":"Enter Animation","FieldType":"String","DefaultValue":"","Description":"Enter Animation","List":""},{"Key":"Icon","DisplayName":"Icon","FieldType":"String","DefaultValue":"","Description":"Icon","List":""},{"Key":"Header","DisplayName":"Header","FieldType":"String","DefaultValue":"","Description":"Header","List":""},{"Key":"Message","DisplayName":"Message","FieldType":"String","DefaultValue":"","Description":"Message","List":""},{"Key":"IsOpen","DisplayName":"Is Open","FieldType":"Boolean","DefaultValue":"False","Description":"Is Open","List":""},{"Key":"KeyboardClose","DisplayName":"Keyboard Close","FieldType":"Boolean","DefaultValue":"False","Description":"Keyboard Close","List":""},{"Key":"Layout","DisplayName":"Layout","FieldType":"String","DefaultValue":"baseline","Description":"Layout","List":"baseline|stacked"},{"Key":"LeaveAnimation","DisplayName":"Leave Animation","FieldType":"String","DefaultValue":"","Description":"Leave Animation","List":""},{"Key":"Mode","DisplayName":"Mode","FieldType":"String","DefaultValue":"ios","Description":"Mode","List":"ios|md"},{"Key":"Position","DisplayName":"Position","FieldType":"String","DefaultValue":"bottom","Description":"Position","List":"bottom|middle|top"},{"Key":"PositionAnchor","DisplayName":"Position Anchor","FieldType":"String","DefaultValue":"","Description":"Position Anchor","List":""},{"Key":"Translucent","DisplayName":"Translucent","FieldType":"Boolean","DefaultValue":"False","Description":"Translucent","List":""},{"Key":"Trigger","DisplayName":"Trigger","FieldType":"String","DefaultValue":"","Description":"Trigger","List":""},{"Key":"Visible","DisplayName":"Visible","FieldType":"Boolean","DefaultValue":"True","Description":"If visible.","List":""}],"events":[{"name":"No_Click (e As BANanoEvent)"},{"name":"Retry_Click (e As BANanoEvent)"},{"name":"Cancel_Click (e As BANanoEvent)"},{"name":"Confirm_Click (Value As Map)"},{"name":"DidDismiss (e As BANanoEvent)"},{"name":"DidPresent (e As BANanoEvent)"},{"name":"WillDismiss (role As String, data As Map)"},{"name":"WillPresent (e As BANanoEvent)"}],"methods":[{"name":"Class_Globals","signature":"Class_Globals"},{"name":"Initialize","signature":"Initialize (Callback As Object, Name As String, EventName As String)"},{"name":"getElement","signature":"getElement() As BANanoElement"},{"name":"getID","signature":"getID() As String"},{"name":"AddToParent","signature":"AddToParent(targetID As String, props As Map)"},{"name":"Remove","signature":"Remove()"},{"name":"TriggerEvent","signature":"TriggerEvent(event As String, params() As String)"},{"name":"getHere","signature":"getHere() As String"},{"name":"SetAttr","signature":"SetAttr(attr As String, text As String)"},{"name":"SetDataAttr","signature":"SetDataAttr(attr As String, text As String)"},{"name":"GetDataAttr","signature":"GetDataAttr(attr As String) As String"},{"name":"GetAttr","signature":"GetAttr(attr As String) As String"},{"name":"AddClass","signature":"AddClass(text As String)"},{"name":"RemoveClass","signature":"RemoveClass(text As String)"},{"name":"AddAttr","signature":"AddAttr(ms As Map)"},{"name":"RemoveAttr","signature":"RemoveAttr(attr As String)"},{"name":"AddStyleComputed","signature":"AddStyleComputed(attr As String, text As String)"},{"name":"AddStyle","signature":"AddStyle(ms As Map)"},{"name":"setVisible","signature":"setVisible(b As Boolean)"},{"name":"getVisible","signature":"getVisible As Boolean"},{"name":"On","signature":"On(event As String, args As List)"},{"name":"OnEvent","signature":"OnEvent(event As String, Module As Object, methodName As String, args As List)"},{"name":"DesignerCreateView","signature":"DesignerCreateView (Target As BANanoElement, Props As Map)"},{"name":"setPositionAnchor","signature":"setPositionAnchor(s As String)"},{"name":"setParentID","signature":"setParentID(sParentID As String)"},{"name":"Confirm","signature":"Confirm(data As Object)"},{"name":"Cancel","signature":"Cancel"},{"name":"dismiss","signature":"dismiss(data As Object, role As String) As BANanoPromise"},{"name":"onDidDismiss","signature":"onDidDismiss() As BANanoPromise"},{"name":"onWillDismiss","signature":"onWillDismiss() As BANanoPromise"},{"name":"present","signature":"present() As BANanoPromise"},{"name":"setAnimated","signature":"setAnimated(b As Boolean)"},{"name":"setBackground","signature":"setBackground(s As String)"},{"name":"setBorderColor","signature":"setBorderColor(s As String)"},{"name":"setBorderRadius","signature":"setBorderRadius(s As String)"},{"name":"setBorderStyle","signature":"setBorderStyle(s As String)"},{"name":"setBorderWidth","signature":"setBorderWidth(s As String)"},{"name":"setBoxShadow","signature":"setBoxShadow(s As String)"},{"name":"setButtonColor","signature":"setButtonColor(s As String)"},{"name":"setButtons","signature":"setButtons(s As List)"},{"name":"setColor","signature":"setColor(s As String)"},{"name":"setCssClass","signature":"setCssClass(s As String)"},{"name":"setDuration","signature":"setDuration(i As Int)"},{"name":"setEnd","signature":"setEnd(s As String)"},{"name":"setEnterAnimation","signature":"setEnterAnimation(s As String)"},{"name":"setHeader","signature":"setHeader(s As String)"},{"name":"setHeight","signature":"setHeight(s As String)"},{"name":"setHtmlAttributes","signature":"setHtmlAttributes(s As Map)"},{"name":"setIcon","signature":"setIcon(s As String)"},{"name":"setIsOpen","signature":"setIsOpen(b As Boolean)"},{"name":"setKeyboardClose","signature":"setKeyboardClose(b As Boolean)"},{"name":"setLayout","signature":"setLayout(s As String)"},{"name":"setLeaveAnimation","signature":"setLeaveAnimation(s As String)"},{"name":"setMaxHeight","signature":"setMaxHeight(s As String)"},{"name":"setMaxWidth","signature":"setMaxWidth(s As String)"},{"name":"setMessage","signature":"setMessage(s As String)"},{"name":"setMinHeight","signature":"setMinHeight(s As String)"},{"name":"setMinWidth","signature":"setMinWidth(s As String)"},{"name":"setMode","signature":"setMode(s As String)"},{"name":"setPosition","signature":"setPosition(s As String)"},{"name":"setStart","signature":"setStart(s As String)"},{"name":"setTextColor","signature":"setTextColor(s As String)"},{"name":"setTranslucent","signature":"setTranslucent(b As Boolean)"},{"name":"setTrigger","signature":"setTrigger(s As String)"},{"name":"setWhiteSpace","signature":"setWhiteSpace(s As String)"},{"name":"setWidth","signature":"setWidth(s As String)"},{"name":"getAnimated","signature":"getAnimated As Boolean"},{"name":"getBackground","signature":"getBackground As String"},{"name":"getBorderColor","signature":"getBorderColor As String"},{"name":"getBorderRadius","signature":"getBorderRadius As String"},{"name":"getBorderStyle","signature":"getBorderStyle As String"},{"name":"getBorderWidth","signature":"getBorderWidth As String"},{"name":"getBoxShadow","signature":"getBoxShadow As String"},{"name":"getButtonColor","signature":"getButtonColor As String"},{"name":"getButtons","signature":"getButtons As List"},{"name":"getColor","signature":"getColor As String"},{"name":"getCssClass","signature":"getCssClass As String"},{"name":"getDuration","signature":"getDuration As Int"},{"name":"getEnd","signature":"getEnd As String"},{"name":"getEnterAnimation","signature":"getEnterAnimation As String"},{"name":"getHeader","signature":"getHeader As String"},{"name":"getHeight","signature":"getHeight As String"},{"name":"getHtmlAttributes","signature":"getHtmlAttributes As Map"},{"name":"getIcon","signature":"getIcon As String"},{"name":"getIsOpen","signature":"getIsOpen As Boolean"},{"name":"getKeyboardClose","signature":"getKeyboardClose As Boolean"},{"name":"getLayout","signature":"getLayout As String"},{"name":"getLeaveAnimation","signature":"getLeaveAnimation As String"},{"name":"getMaxHeight","signature":"getMaxHeight As String"},{"name":"getMaxWidth","signature":"getMaxWidth As String"},{"name":"getMessage","signature":"getMessage As String"},{"name":"getMinHeight","signature":"getMinHeight As String"},{"name":"getMinWidth","signature":"getMinWidth As String"},{"name":"getMode","signature":"getMode As String"},{"name":"getPosition","signature":"getPosition As String"},{"name":"getStart","signature":"getStart As String"},{"name":"getTextColor","signature":"getTextColor As String"},{"name":"getTranslucent","signature":"getTranslucent As Boolean"},{"name":"getTrigger","signature":"getTrigger As String"},{"name":"getWhiteSpace","signature":"getWhiteSpace As String"},{"name":"getWidth","signature":"getWidth As String"},{"name":"Clear","signature":"Clear"},{"name":"AddCancelButton","signature":"AddCancelButton(btnIcon As String, btnText As String) As SHIonToastButton"},{"name":"AddConfirmButton","signature":"AddConfirmButton(btnIcon As String, btnText As String) As SHIonToastButton"},{"name":"AddButton","signature":"AddButton(btnAction As String, btnIcon As String, btnText As String) As SHIonToastButton"},{"name":"AddActionSheetButton","signature":"AddActionSheetButton(btn As SHIonActionSheet)"},{"name":"RefreshButtons","signature":"RefreshButtons"},{"name":"CreateButton","signature":"CreateButton(btnName As String, btnIcon As String, btnText As String) As SHIonToastButton"},{"name":"CreateCancelButton","signature":"CreateCancelButton(btnName As String, btnIcon As String, btnText As String) As SHIonToastButton"},{"name":"AddButtons","signature":"AddButtons(btns As List)"},{"name":"getRoot","signature":"getRoot As SHLabel"},{"name":"LinkExisting","signature":"LinkExisting"}]}