{"properties":[{"Key":"ParentID","DisplayName":"ParentID","FieldType":"String","DefaultValue":"","Description":"The ParentID of this component","List":""},{"Key":"Header","DisplayName":"Header","FieldType":"String","DefaultValue":"","Description":"Header","List":""},{"Key":"HeaderMode","DisplayName":"Header Mode","FieldType":"String","DefaultValue":"ios","Description":"Mode","List":"ios|md"},{"Key":"AllowEmptySelection","DisplayName":"Allow Empty Selection","FieldType":"Boolean","DefaultValue":"False","Description":"Allow Empty Selection","List":""},{"Key":"Name","DisplayName":"Name","FieldType":"String","DefaultValue":"","Description":"Name","List":""},{"Key":"RawKeyValues","DisplayName":"Key Values (JSON)","FieldType":"String","DefaultValue":"","Description":"Key Values (JSON)","List":""},{"Key":"LabelPlacement","DisplayName":"Label Placement","FieldType":"String","DefaultValue":"start","Description":"Label Placement","List":"end|fixed|start"},{"Key":"UseItem","DisplayName":"Use Item Per Pair","FieldType":"Boolean","DefaultValue":"True","Description":"Use Item Per Pair","List":""},{"Key":"Value","DisplayName":"Value","FieldType":"String","DefaultValue":"","Description":"Value","List":""},{"Key":"Mode","DisplayName":"Mode","FieldType":"String","DefaultValue":"ios","Description":"Mode","List":"ios|md"},{"Key":"Visible","DisplayName":"Visible","FieldType":"Boolean","DefaultValue":"True","Description":"If visible.","List":""}],"events":[{"name":"IonChange (value As Object)"}],"methods":[{"name":"Class_Globals","signature":"Class_Globals"},{"name":"Initialize","signature":"Initialize (Callback As Object, Name As String, EventName As String)"},{"name":"getElement","signature":"getElement() As BANanoElement"},{"name":"getID","signature":"getID() As String"},{"name":"AddToParent","signature":"AddToParent(targetID As String, props As Map)"},{"name":"Remove","signature":"Remove()"},{"name":"setElement","signature":"setElement(e As BANanoElement)"},{"name":"LinkExisting","signature":"LinkExisting"},{"name":"TriggerEvent","signature":"TriggerEvent(event As String, params() As String)"},{"name":"getHere","signature":"getHere() As String"},{"name":"SetAttr","signature":"SetAttr(attr As String, text As String)"},{"name":"SetDataAttr","signature":"SetDataAttr(attr As String, text As String)"},{"name":"GetDataAttr","signature":"GetDataAttr(attr As String) As String"},{"name":"GetAttr","signature":"GetAttr(attr As String) As String"},{"name":"AddClass","signature":"AddClass(text As String)"},{"name":"RemoveClass","signature":"RemoveClass(text As String)"},{"name":"AddAttr","signature":"AddAttr(ms As Map)"},{"name":"RemoveAttr","signature":"RemoveAttr(attr As String)"},{"name":"AddStyleComputed","signature":"AddStyleComputed(attr As String, text As String)"},{"name":"AddStyle","signature":"AddStyle(ms As Map)"},{"name":"setVisible","signature":"setVisible(b As Boolean)"},{"name":"getVisible","signature":"getVisible As Boolean"},{"name":"On","signature":"On(event As String, args As List)"},{"name":"OnEvent","signature":"OnEvent(event As String, Module As Object, methodName As String, args As List)"},{"name":"setValue","signature":"setValue(text As String)"},{"name":"getValue","signature":"getValue As String"},{"name":"DesignerCreateView","signature":"DesignerCreateView (Target As BANanoElement, Props As Map)"},{"name":"setHeader","signature":"setHeader(s As String)"},{"name":"setMode","signature":"setMode(s As String)"},{"name":"setHeaderMode","signature":"setHeaderMode(s As String)"},{"name":"setLabelPlacement","signature":"setLabelPlacement(s As String)"},{"name":"setUseItem","signature":"setUseItem(b As Boolean)"},{"name":"setRawKeyValues","signature":"setRawKeyValues(s As String)"},{"name":"getRawKeyValues","signature":"getRawKeyValues As String"},{"name":"setParentID","signature":"setParentID(sParentID As String)"},{"name":"setAllowEmptySelection","signature":"setAllowEmptySelection(b As Boolean)"},{"name":"setName","signature":"setName(s As String)"},{"name":"getAllowEmptySelection","signature":"getAllowEmptySelection As Boolean"},{"name":"getName","signature":"getName As String"},{"name":"getRoot","signature":"getRoot As SHLabel"},{"name":"Clear","signature":"Clear"},{"name":"AddItemRadioLabelMap","signature":"AddItemRadioLabelMap(optionsM As Map)"},{"name":"AddItemRadio","signature":"AddItemRadio(k As String, v As String) As SHIonRadio"},{"name":"GetIonItem","signature":"GetIonItem(eID As String) As SHIonItem"},{"name":"AddItemLabelRadioMap","signature":"AddItemLabelRadioMap(optionsM As Map)"},{"name":"AddLabelRadioMap","signature":"AddLabelRadioMap(optionsM As Map)"},{"name":"AddRadioLabelMap","signature":"AddRadioLabelMap(optionsM As Map)"},{"name":"GetIonRadio","signature":"GetIonRadio(eID As String) As SHIonRadio"},{"name":"Append","signature":"Append(tmp As Object)"}]}