{"properties":[{"Key":"ParentID","DisplayName":"ParentID","FieldType":"String","DefaultValue":"","Description":"The ParentID of this component","List":""},{"Key":"Value","DisplayName":"Value","FieldType":"String","DefaultValue":"","Description":"Value","List":""},{"Key":"Text","DisplayName":"Text","FieldType":"String","DefaultValue":"","Description":"Text","List":""},{"Key":"IconName","DisplayName":"Icon Name","FieldType":"String","DefaultValue":"","Description":"Icon Name","List":""},{"Key":"IconSrc","DisplayName":"Icon Src","FieldType":"String","DefaultValue":"","Description":"Icon Src","List":""},{"Key":"Disabled","DisplayName":"Disabled","FieldType":"Boolean","DefaultValue":"False","Description":"Disabled","List":""},{"Key":"Layout","DisplayName":"Layout","FieldType":"String","DefaultValue":"icon-top","Description":"Layout","List":"label-only|icon-only|icon-bottom|icon-end|icon-hide|icon-start|icon-top|label-hide|none"},{"Key":"Mode","DisplayName":"Mode","FieldType":"String","DefaultValue":"ios","Description":"Mode","List":"ios|md"},{"Key":"TypeOf","DisplayName":"Type Of","FieldType":"String","DefaultValue":"button","Description":"Type Of","List":"button|reset|submit"},{"Key":"Visible","DisplayName":"Visible","FieldType":"Boolean","DefaultValue":"True","Description":"If visible.","List":""}],"events":[],"methods":[{"name":"Class_Globals","signature":"Class_Globals"},{"name":"Initialize","signature":"Initialize (Callback As Object, Name As String, EventName As String)"},{"name":"getElement","signature":"getElement() As BANanoElement"},{"name":"getID","signature":"getID() As String"},{"name":"AddToParent","signature":"AddToParent(targetID As String, props As Map)"},{"name":"Remove","signature":"Remove()"},{"name":"TriggerEvent","signature":"TriggerEvent(event As String, params() As String)"},{"name":"getHere","signature":"getHere() As String"},{"name":"SetAttr","signature":"SetAttr(attr As String, text As String)"},{"name":"SetDataAttr","signature":"SetDataAttr(attr As String, text As String)"},{"name":"GetDataAttr","signature":"GetDataAttr(attr As String) As String"},{"name":"GetAttr","signature":"GetAttr(attr As String) As String"},{"name":"AddClass","signature":"AddClass(text As String)"},{"name":"RemoveClass","signature":"RemoveClass(text As String)"},{"name":"AddAttr","signature":"AddAttr(ms As Map)"},{"name":"RemoveAttr","signature":"RemoveAttr(attr As String)"},{"name":"AddStyleComputed","signature":"AddStyleComputed(attr As String, text As String)"},{"name":"AddStyle","signature":"AddStyle(ms As Map)"},{"name":"setVisible","signature":"setVisible(b As Boolean)"},{"name":"getVisible","signature":"getVisible As Boolean"},{"name":"On","signature":"On(event As String, args As List)"},{"name":"OnEvent","signature":"OnEvent(event As String, Module As Object, methodName As String, args As List)"},{"name":"setValue","signature":"setValue(text As String)"},{"name":"getValue","signature":"getValue As String"},{"name":"DesignerCreateView","signature":"DesignerCreateView (Target As BANanoElement, Props As Map)"},{"name":"setParentID","signature":"setParentID(sParentID As String)"},{"name":"setBackground","signature":"setBackground(s As String)"},{"name":"setBackgroundChecked","signature":"setBackgroundChecked(s As String)"},{"name":"setBackgroundFocused","signature":"setBackgroundFocused(s As String)"},{"name":"setBackgroundFocusedOpacity","signature":"setBackgroundFocusedOpacity(s As String)"},{"name":"setBackgroundHover","signature":"setBackgroundHover(s As String)"},{"name":"setBackgroundHoverOpacity","signature":"setBackgroundHoverOpacity(s As String)"},{"name":"setBorderColor","signature":"setBorderColor(s As String)"},{"name":"setBorderRadius","signature":"setBorderRadius(s As String)"},{"name":"setBorderStyle","signature":"setBorderStyle(s As String)"},{"name":"setBorderWidth","signature":"setBorderWidth(s As String)"},{"name":"setColorChecked","signature":"setColorChecked(s As String)"},{"name":"setColorFocused","signature":"setColorFocused(s As String)"},{"name":"setColorHover","signature":"setColorHover(s As String)"},{"name":"setDisabled","signature":"setDisabled(b As boolean)"},{"name":"setIndicatorBoxShadow","signature":"setIndicatorBoxShadow(s As String)"},{"name":"setIndicatorColor","signature":"setIndicatorColor(s As String)"},{"name":"setIndicatorHeight","signature":"setIndicatorHeight(s As String)"},{"name":"setIndicatorTransform","signature":"setIndicatorTransform(s As String)"},{"name":"setIndicatorTransition","signature":"setIndicatorTransition(s As String)"},{"name":"setLayout","signature":"setLayout(s As String)"},{"name":"setMarginBottom","signature":"setMarginBottom(s As String)"},{"name":"setMarginEnd","signature":"setMarginEnd(s As String)"},{"name":"setMarginStart","signature":"setMarginStart(s As String)"},{"name":"setMarginTop","signature":"setMarginTop(s As String)"},{"name":"setMode","signature":"setMode(s As String)"},{"name":"setPaddingBottom","signature":"setPaddingBottom(s As String)"},{"name":"setPaddingEnd","signature":"setPaddingEnd(s As String)"},{"name":"setPaddingStart","signature":"setPaddingStart(s As String)"},{"name":"setPaddingTop","signature":"setPaddingTop(s As String)"},{"name":"setTransition","signature":"setTransition(s As String)"},{"name":"setTypeOf","signature":"setTypeOf(s As String)"},{"name":"getBackground","signature":"getBackground As String"},{"name":"getBackgroundChecked","signature":"getBackgroundChecked As String"},{"name":"getBackgroundFocused","signature":"getBackgroundFocused As String"},{"name":"getBackgroundFocusedOpacity","signature":"getBackgroundFocusedOpacity As String"},{"name":"getBackgroundHover","signature":"getBackgroundHover As String"},{"name":"getBackgroundHoverOpacity","signature":"getBackgroundHoverOpacity As String"},{"name":"getBorderColor","signature":"getBorderColor As String"},{"name":"getBorderRadius","signature":"getBorderRadius As String"},{"name":"getBorderStyle","signature":"getBorderStyle As String"},{"name":"getBorderWidth","signature":"getBorderWidth As String"},{"name":"getColorChecked","signature":"getColorChecked As String"},{"name":"getColorFocused","signature":"getColorFocused As String"},{"name":"getColorHover","signature":"getColorHover As String"},{"name":"getDisabled","signature":"getDisabled As Boolean"},{"name":"getIndicatorBoxShadow","signature":"getIndicatorBoxShadow As String"},{"name":"getIndicatorColor","signature":"getIndicatorColor As String"},{"name":"getIndicatorHeight","signature":"getIndicatorHeight As String"},{"name":"getIndicatorTransform","signature":"getIndicatorTransform As String"},{"name":"getIndicatorTransition","signature":"getIndicatorTransition As String"},{"name":"getLayout","signature":"getLayout As String"},{"name":"getMarginBottom","signature":"getMarginBottom As String"},{"name":"getMarginEnd","signature":"getMarginEnd As String"},{"name":"getMarginStart","signature":"getMarginStart As String"},{"name":"getMarginTop","signature":"getMarginTop As String"},{"name":"getMode","signature":"getMode As String"},{"name":"getPaddingBottom","signature":"getPaddingBottom As String"},{"name":"getPaddingEnd","signature":"getPaddingEnd As String"},{"name":"getPaddingStart","signature":"getPaddingStart As String"},{"name":"getPaddingTop","signature":"getPaddingTop As String"},{"name":"getTransition","signature":"getTransition As String"},{"name":"getTypeOf","signature":"getTypeOf As String"},{"name":"getRoot","signature":"getRoot As SHLabel"},{"name":"LinkExisting","signature":"LinkExisting"},{"name":"GetIonLabel","signature":"GetIonLabel As SHIonLabel"},{"name":"GetIonIcon","signature":"GetIonIcon As SHIonIcon"},{"name":"setIconName","signature":"setIconName(s As String)"},{"name":"setIconSrc","signature":"setIconSrc(s As String)"},{"name":"setText","signature":"setText(s As String)"},{"name":"getIconName","signature":"getIconName As String"},{"name":"getIconSrc","signature":"getIconSrc As String"},{"name":"getText","signature":"getText As String"}]}