{"properties":[{"Key":"ParentID","DisplayName":"ParentID","FieldType":"String","DefaultValue":"","Description":"The ParentID of this component","List":""},{"Key":"CancelVisible","DisplayName":"Cancel Visible","FieldType":"Boolean","DefaultValue":"True","Description":"Cancel Visible","List":""},{"Key":"CancelText","DisplayName":"Cancel Text","FieldType":"String","DefaultValue":"Cancel","Description":"Cancel Text","List":""},{"Key":"ConfirmText","DisplayName":"Confirm Text","FieldType":"String","DefaultValue":"Confirm","Description":"Confirm Text","List":""},{"Key":"Animated","DisplayName":"Animated","FieldType":"Boolean","DefaultValue":"True","Description":"Animated","List":""},{"Key":"BackdropDismiss","DisplayName":"Backdrop Dismiss","FieldType":"Boolean","DefaultValue":"True","Description":"Backdrop Dismiss","List":""},{"Key":"CssClass","DisplayName":"Css Class","FieldType":"String","DefaultValue":"","Description":"Css Class","List":""},{"Key":"Duration","DisplayName":"Duration","FieldType":"Int","DefaultValue":"0","Description":"Duration","List":""},{"Key":"EnterAnimation","DisplayName":"Enter Animation","FieldType":"String","DefaultValue":"","Description":"Enter Animation","List":""},{"Key":"IsOpen","DisplayName":"Is Open","FieldType":"Boolean","DefaultValue":"False","Description":"Is Open","List":""},{"Key":"KeyboardClose","DisplayName":"Keyboard Close","FieldType":"Boolean","DefaultValue":"False","Description":"Keyboard Close","List":""},{"Key":"LeaveAnimation","DisplayName":"Leave Animation","FieldType":"String","DefaultValue":"","Description":"Leave Animation","List":""},{"Key":"Mode","DisplayName":"Mode","FieldType":"String","DefaultValue":"ios","Description":"Mode","List":"ios|md"},{"Key":"ShowBackdrop","DisplayName":"Show Backdrop","FieldType":"Boolean","DefaultValue":"True","Description":"Show Backdrop","List":""},{"Key":"Trigger","DisplayName":"Trigger","FieldType":"String","DefaultValue":"","Description":"Trigger","List":""},{"Key":"Visible","DisplayName":"Visible","FieldType":"Boolean","DefaultValue":"True","Description":"If visible.","List":""}],"events":[{"name":"Cancel_Click"},{"name":"Confirm_Click (Value As Map)"},{"name":"DidDismiss (e As BANanoEvent)"},{"name":"DidPresent (e As BANanoEvent)"},{"name":"WillPresent (e As BANanoEvent)"},{"name":"willDismiss (role As String, data As Map)"}],"methods":[{"name":"Class_Globals","signature":"Class_Globals"},{"name":"Initialize","signature":"Initialize (Callback As Object, Name As String, EventName As String)"},{"name":"getElement","signature":"getElement() As BANanoElement"},{"name":"getID","signature":"getID() As String"},{"name":"AddToParent","signature":"AddToParent(targetID As String, props As Map)"},{"name":"Remove","signature":"Remove()"},{"name":"TriggerEvent","signature":"TriggerEvent(event As String, params() As String)"},{"name":"getHere","signature":"getHere() As String"},{"name":"SetAttr","signature":"SetAttr(attr As String, text As String)"},{"name":"SetDataAttr","signature":"SetDataAttr(attr As String, text As String)"},{"name":"GetDataAttr","signature":"GetDataAttr(attr As String) As String"},{"name":"GetAttr","signature":"GetAttr(attr As String) As String"},{"name":"AddClass","signature":"AddClass(text As String)"},{"name":"RemoveClass","signature":"RemoveClass(text As String)"},{"name":"AddAttr","signature":"AddAttr(ms As Map)"},{"name":"RemoveAttr","signature":"RemoveAttr(attr As String)"},{"name":"AddStyleComputed","signature":"AddStyleComputed(attr As String, text As String)"},{"name":"AddStyle","signature":"AddStyle(ms As Map)"},{"name":"setVisible","signature":"setVisible(b As Boolean)"},{"name":"getVisible","signature":"getVisible As Boolean"},{"name":"On","signature":"On(event As String, args As List)"},{"name":"OnEvent","signature":"OnEvent(event As String, Module As Object, methodName As String, args As List)"},{"name":"DesignerCreateView","signature":"DesignerCreateView (Target As BANanoElement, Props As Map)"},{"name":"setParentID","signature":"setParentID(sParentID As String)"},{"name":"Confirm","signature":"Confirm(data As Object)"},{"name":"Cancel","signature":"Cancel"},{"name":"dismiss","signature":"dismiss(data As Object, role As String) As BANanoPromise"},{"name":"getColumn","signature":"getColumn() As BANanoPromise"},{"name":"onDidDismiss","signature":"onDidDismiss() As BANanoPromise"},{"name":"onWillDismiss","signature":"onWillDismiss() As BANanoPromise"},{"name":"present","signature":"present() As BANanoPromise"},{"name":"setAnimated","signature":"setAnimated(b As Boolean)"},{"name":"setBackdropDismiss","signature":"setBackdropDismiss(b As Boolean)"},{"name":"setBackdropOpacity","signature":"setBackdropOpacity(s As String)"},{"name":"setBackground","signature":"setBackground(s As String)"},{"name":"setBackgroundRgb","signature":"setBackgroundRgb(s As String)"},{"name":"setBorderColor","signature":"setBorderColor(s As String)"},{"name":"setBorderRadius","signature":"setBorderRadius(s As String)"},{"name":"setBorderStyle","signature":"setBorderStyle(s As String)"},{"name":"setBorderWidth","signature":"setBorderWidth(s As String)"},{"name":"setButtons","signature":"setButtons(s As List)"},{"name":"setColumns","signature":"setColumns(s As List)"},{"name":"setCssClass","signature":"setCssClass(s As String)"},{"name":"setDuration","signature":"setDuration(i As Int)"},{"name":"setEnterAnimation","signature":"setEnterAnimation(s As String)"},{"name":"setHeight","signature":"setHeight(s As String)"},{"name":"setHtmlAttributes","signature":"setHtmlAttributes(s As Map)"},{"name":"setIsOpen","signature":"setIsOpen(b As Boolean)"},{"name":"setKeyboardClose","signature":"setKeyboardClose(b As Boolean)"},{"name":"setLeaveAnimation","signature":"setLeaveAnimation(s As String)"},{"name":"setMaxHeight","signature":"setMaxHeight(s As String)"},{"name":"setMaxWidth","signature":"setMaxWidth(s As String)"},{"name":"setMinHeight","signature":"setMinHeight(s As String)"},{"name":"setMinWidth","signature":"setMinWidth(s As String)"},{"name":"setMode","signature":"setMode(s As String)"},{"name":"setShowBackdrop","signature":"setShowBackdrop(b As Boolean)"},{"name":"setTrigger","signature":"setTrigger(s As String)"},{"name":"setWidth","signature":"setWidth(s As String)"},{"name":"getAnimated","signature":"getAnimated As Boolean"},{"name":"getBackdropDismiss","signature":"getBackdropDismiss As Boolean"},{"name":"getBackdropOpacity","signature":"getBackdropOpacity As String"},{"name":"getBackground","signature":"getBackground As String"},{"name":"getBackgroundRgb","signature":"getBackgroundRgb As String"},{"name":"getBorderColor","signature":"getBorderColor As String"},{"name":"getBorderRadius","signature":"getBorderRadius As String"},{"name":"getBorderStyle","signature":"getBorderStyle As String"},{"name":"getBorderWidth","signature":"getBorderWidth As String"},{"name":"getButtons","signature":"getButtons As Map"},{"name":"getColumns","signature":"getColumns As Map"},{"name":"getCssClass","signature":"getCssClass As String"},{"name":"getDuration","signature":"getDuration As Int"},{"name":"getEnterAnimation","signature":"getEnterAnimation As String"},{"name":"getHeight","signature":"getHeight As String"},{"name":"getHtmlAttributes","signature":"getHtmlAttributes As Map"},{"name":"getIsOpen","signature":"getIsOpen As Boolean"},{"name":"getKeyboardClose","signature":"getKeyboardClose As Boolean"},{"name":"getLeaveAnimation","signature":"getLeaveAnimation As String"},{"name":"getMaxHeight","signature":"getMaxHeight As String"},{"name":"getMaxWidth","signature":"getMaxWidth As String"},{"name":"getMinHeight","signature":"getMinHeight As String"},{"name":"getMinWidth","signature":"getMinWidth As String"},{"name":"getMode","signature":"getMode As String"},{"name":"getShowBackdrop","signature":"getShowBackdrop As Boolean"},{"name":"getTrigger","signature":"getTrigger As String"},{"name":"getWidth","signature":"getWidth As String"},{"name":"AddButtons","signature":"AddButtons(btns As List)"},{"name":"AddColumns","signature":"AddColumns(cols As List)"},{"name":"AddCancelButton","signature":"AddCancelButton(eText As String)"},{"name":"AddConfirmButton","signature":"AddConfirmButton(eText As String)"},{"name":"AddButton","signature":"AddButton(eID As String, eText As String)"},{"name":"CreateButton","signature":"CreateButton(btnName As String, btnText As String) As SHIonPickerButton"},{"name":"CreateCancelButton","signature":"CreateCancelButton(btnName As String, btnText As String) As SHIonPickerButton"},{"name":"CreateColumn","signature":"CreateColumn(colName As String) As SHIonPickerColumn"},{"name":"AddColumn","signature":"AddColumn(colName As String)"},{"name":"AddColumnAndOption","signature":"AddColumnAndOption(colName As String, bDone As Boolean, options As Map)"},{"name":"AddColumnAndOptionList","signature":"AddColumnAndOptionList(colName As String, bDone As Boolean, options As List)"},{"name":"Refresh","signature":"Refresh"},{"name":"RefreshColumns","signature":"RefreshColumns"},{"name":"Clear","signature":"Clear"},{"name":"RefreshButtons","signature":"RefreshButtons"},{"name":"ClearButtons","signature":"ClearButtons"},{"name":"ClearColumns","signature":"ClearColumns"},{"name":"getRoot","signature":"getRoot As SHLabel"},{"name":"LinkExisting","signature":"LinkExisting"}]}