{"properties":[{"Key":"StopPropagation","DisplayName":"Stop Propagation","FieldType":"Boolean","DefaultValue":"False","Description":"Stop Propagation","List":""},{"Key":"Tappable","DisplayName":"Tappable","FieldType":"Boolean","DefaultValue":"True","Description":"Tappable","List":""},{"Key":"Visible","DisplayName":"Visible","FieldType":"Boolean","DefaultValue":"True","Description":"Visible","List":""}],"events":[{"name":"IonBackdropTap (e As BANanoEvent)"}],"methods":[{"name":"Class_Globals","signature":"Class_Globals"},{"name":"Initialize","signature":"Initialize (Callback As Object, Name As String, EventName As String)"},{"name":"getElement","signature":"getElement() As BANanoElement"},{"name":"getID","signature":"getID() As String"},{"name":"AddToParent","signature":"AddToParent(targetID As String, props As Map)"},{"name":"Remove","signature":"Remove()"},{"name":"setElement","signature":"setElement(e As BANanoElement)"},{"name":"LinkExisting","signature":"LinkExisting"},{"name":"TriggerEvent","signature":"TriggerEvent(event As String, params() As String)"},{"name":"getHere","signature":"getHere() As String"},{"name":"SetAttr","signature":"SetAttr(attr As String, text As String)"},{"name":"SetDataAttr","signature":"SetDataAttr(attr As String, text As String)"},{"name":"GetDataAttr","signature":"GetDataAttr(attr As String) As String"},{"name":"GetAttr","signature":"GetAttr(attr As String) As String"},{"name":"AddClass","signature":"AddClass(text As String)"},{"name":"RemoveClass","signature":"RemoveClass(text As String)"},{"name":"AddAttr","signature":"AddAttr(ms As Map)"},{"name":"RemoveAttr","signature":"RemoveAttr(attr As String)"},{"name":"AddStyleComputed","signature":"AddStyleComputed(attr As String, text As String)"},{"name":"AddStyle","signature":"AddStyle(ms As Map)"},{"name":"On","signature":"On(event As String, args As List)"},{"name":"OnEvent","signature":"OnEvent(event As String, Module As Object, methodName As String, args As List)"},{"name":"DesignerCreateView","signature":"DesignerCreateView (Target As BANanoElement, Props As Map)"},{"name":"setStopPropagation","signature":"setStopPropagation(b As Boolean)"},{"name":"setTappable","signature":"setTappable(b As Boolean)"},{"name":"setVisible","signature":"setVisible(b As Boolean)"},{"name":"getStopPropagation","signature":"getStopPropagation As Boolean"},{"name":"getTappable","signature":"getTappable As Boolean"},{"name":"getVisible","signature":"getVisible As Boolean"},{"name":"getRoot","signature":"getRoot As SHLabel"}]}