{"properties":[{"Key":"ParentID","DisplayName":"ParentID","FieldType":"String","DefaultValue":"","Description":"The ParentID of this component","List":""},{"Key":"Background","DisplayName":"Background","FieldType":"String","DefaultValue":"","Description":"Background","List":""},{"Key":"BorderColor","DisplayName":"Border Color","FieldType":"String","DefaultValue":"","Description":"Border Color","List":""},{"Key":"BorderStyle","DisplayName":"Border Style","FieldType":"String","DefaultValue":"","Description":"Border Style","List":""},{"Key":"BorderWidth","DisplayName":"Border Width","FieldType":"String","DefaultValue":"","Description":"Border Width","List":""},{"Key":"TextColor","DisplayName":"Text Color","FieldType":"String","DefaultValue":"","Description":"Color","List":""},{"Key":"InnerBorderWidth","DisplayName":"Inner Border Width","FieldType":"String","DefaultValue":"","Description":"Inner Border Width","List":""},{"Key":"Color","DisplayName":"Color","FieldType":"String","DefaultValue":"none","Description":"Color","List":"danger|dark|light|medium|none|primary|secondary|success|tertiary|warning"},{"Key":"Lines","DisplayName":"Lines","FieldType":"String","DefaultValue":"none","Description":"Lines","List":"full|inset|none"},{"Key":"Mode","DisplayName":"Mode","FieldType":"String","DefaultValue":"ios","Description":"Mode","List":"ios|md"},{"Key":"Slot","DisplayName":"Slot","FieldType":"String","DefaultValue":"","Description":"Slot","List":""},{"Key":"Visible","DisplayName":"Visible","FieldType":"Boolean","DefaultValue":"True","Description":"If visible.","List":""}],"events":[],"methods":[{"name":"Class_Globals","signature":"Class_Globals"},{"name":"Initialize","signature":"Initialize (Callback As Object, Name As String, EventName As String)"},{"name":"getElement","signature":"getElement() As BANanoElement"},{"name":"AddComputedStyleMap","signature":"AddComputedStyleMap(ms As Map)"},{"name":"getID","signature":"getID() As String"},{"name":"AddToParent","signature":"AddToParent(targetID As String, props As Map)"},{"name":"Remove","signature":"Remove()"},{"name":"setElement","signature":"setElement(e As BANanoElement)"},{"name":"Clear","signature":"Clear"},{"name":"Append","signature":"Append(tmp As Object)"},{"name":"SetHTML","signature":"SetHTML(sHTML As String)"},{"name":"LinkExisting","signature":"LinkExisting"},{"name":"TriggerEvent","signature":"TriggerEvent(event As String, params() As String)"},{"name":"getHere","signature":"getHere() As String"},{"name":"AddAttr","signature":"AddAttr(attr As String, text As object)"},{"name":"AddDataAttr","signature":"AddDataAttr(attr As String, text As String)"},{"name":"GetDataAttr","signature":"GetDataAttr(attr As String) As String"},{"name":"GetAttr","signature":"GetAttr(attr As String) As String"},{"name":"AddClass","signature":"AddClass(text As String)"},{"name":"RemoveClass","signature":"RemoveClass(text As String)"},{"name":"AddAttrMap","signature":"AddAttrMap(ms As Map)"},{"name":"RemoveAttr","signature":"RemoveAttr(attr As String)"},{"name":"AddStyleComputed","signature":"AddStyleComputed(attr As String, text As String)"},{"name":"AddStyleMap","signature":"AddStyleMap(ms As Map)"},{"name":"AddStyle","signature":"AddStyle(k As String, v As String)"},{"name":"setVisible","signature":"setVisible(b As Boolean)"},{"name":"getVisible","signature":"getVisible As Boolean"},{"name":"getRoot","signature":"getRoot As SHLabel"},{"name":"DesignerCreateView","signature":"DesignerCreateView (Target As BANanoElement, Props As Map)"},{"name":"setBackground","signature":"setBackground(s As String)"},{"name":"setBorderColor","signature":"setBorderColor(s As String)"},{"name":"setBorderStyle","signature":"setBorderStyle(s As String)"},{"name":"setBorderWidth","signature":"setBorderWidth(s As String)"},{"name":"setTextColor","signature":"setTextColor(s As String)"},{"name":"setInnerBorderWidth","signature":"setInnerBorderWidth(s As String)"},{"name":"setColor","signature":"setColor(s As String)"},{"name":"setLines","signature":"setLines(s As String)"},{"name":"setMode","signature":"setMode(s As String)"},{"name":"setSlot","signature":"setSlot(s As String)"},{"name":"getBackground","signature":"getBackground As String"},{"name":"getBorderColor","signature":"getBorderColor As String"},{"name":"getBorderStyle","signature":"getBorderStyle As String"},{"name":"getBorderWidth","signature":"getBorderWidth As String"},{"name":"getColor","signature":"getColor As String"},{"name":"getInnerBorderWidth","signature":"getInnerBorderWidth As String"},{"name":"getTextColor","signature":"getTextColor As String"},{"name":"getLines","signature":"getLines As String"},{"name":"getMode","signature":"getMode As String"},{"name":"getSlot","signature":"getSlot As String"}]}