{"properties":[{"Key":"ParentID","DisplayName":"ParentID","FieldType":"String","DefaultValue":"","Description":"The ParentID of this component","List":""},{"Key":"Parallax","DisplayName":"Parallax","FieldType":"Boolean","DefaultValue":"False","Description":"Parallax","List":""},{"Key":"PaginationType","DisplayName":"Pagination Type","FieldType":"String","DefaultValue":"bullets","Description":"Pagination Type","List":"bullets|fraction|progressbar"},{"Key":"SlidesPerView","DisplayName":"Slides Per View","FieldType":"String","DefaultValue":"1","Description":"Slides Per View","List":""},{"Key":"SpaceBetween","DisplayName":"Space Between","FieldType":"String","DefaultValue":"0","Description":"Space Between","List":""},{"Key":"CenteredSlides","DisplayName":"Centered Slides","FieldType":"Boolean","DefaultValue":"False","Description":"Centered Slides","List":""},{"Key":"Direction","DisplayName":"Direction","FieldType":"String","DefaultValue":"horizontal","Description":"Direction","List":"horizontal|vertical"},{"Key":"Effect","DisplayName":"Effect","FieldType":"String","DefaultValue":"slide","Description":"Effect","List":"coverflow|creative|cube|fade|flip|slide"},{"Key":"HasNavigation","DisplayName":"Has Navigation","FieldType":"Boolean","DefaultValue":"False","Description":"Has Navigation","List":""},{"Key":"HasPagination","DisplayName":"Has Pagination","FieldType":"Boolean","DefaultValue":"True","Description":"Has Pagination","List":""},{"Key":"HasScrollbar","DisplayName":"Has Scrollbar","FieldType":"Boolean","DefaultValue":"False","Description":"Has Scrollbar","List":""},{"Key":"Height","DisplayName":"Height","FieldType":"String","DefaultValue":"300px","Description":"Height","List":""},{"Key":"Width","DisplayName":"Width","FieldType":"String","DefaultValue":"100%","Description":"Width","List":""},{"Key":"Speed","DisplayName":"Speed","FieldType":"String","DefaultValue":"","Description":"Speed","List":""},{"Key":"Init","DisplayName":"Init","FieldType":"Boolean","DefaultValue":"True","Description":"Init","List":""},{"Key":"InitialSlide","DisplayName":"Initial Slide","FieldType":"String","DefaultValue":"0","Description":"Initial Slide","List":""},{"Key":"TotalSlides","DisplayName":"Total Slides","FieldType":"String","DefaultValue":"","Description":"Total Slides to add","List":""},{"Key":"Loop","DisplayName":"Loop","FieldType":"Boolean","DefaultValue":"False","Description":"Loop","List":""},{"Key":"DynamicBullets","DisplayName":"DynamicBullets","FieldType":"Boolean","DefaultValue":"False","Description":"Dynamic Bullets","List":""},{"Key":"UpdateOnWindowResize","DisplayName":"Update On Window Resize","FieldType":"Boolean","DefaultValue":"True","Description":"Update On Window Resize","List":""},{"Key":"Visible","DisplayName":"Visible","FieldType":"Boolean","DefaultValue":"True","Description":"If visible.","List":""}],"events":[],"methods":[{"name":"Class_Globals","signature":"Class_Globals"},{"name":"Initialize","signature":"Initialize (Callback As Object, Name As String, EventName As String)"},{"name":"getElement","signature":"getElement() As BANanoElement"},{"name":"getID","signature":"getID() As String"},{"name":"AddToParent","signature":"AddToParent(targetID As String, props As Map)"},{"name":"Remove","signature":"Remove()"},{"name":"setElement","signature":"setElement(e As BANanoElement)"},{"name":"Clear","signature":"Clear"},{"name":"LinkExisting","signature":"LinkExisting"},{"name":"TriggerEvent","signature":"TriggerEvent(event As String, params() As String)"},{"name":"getHere","signature":"getHere() As String"},{"name":"getSlidesHere","signature":"getSlidesHere() As String"},{"name":"SetAttr","signature":"SetAttr(attr As String, text As String)"},{"name":"SetDataAttr","signature":"SetDataAttr(attr As String, text As String)"},{"name":"GetDataAttr","signature":"GetDataAttr(attr As String) As String"},{"name":"GetAttr","signature":"GetAttr(attr As String) As String"},{"name":"AddClass","signature":"AddClass(text As String)"},{"name":"RemoveClass","signature":"RemoveClass(text As String)"},{"name":"AddAttr","signature":"AddAttr(ms As Map)"},{"name":"RemoveAttr","signature":"RemoveAttr(attr As String)"},{"name":"AddStyleComputed","signature":"AddStyleComputed(attr As String, text As String)"},{"name":"AddStyle","signature":"AddStyle(ms As Map)"},{"name":"setVisible","signature":"setVisible(b As Boolean)"},{"name":"getVisible","signature":"getVisible As Boolean"},{"name":"On","signature":"On(event As String, args As List)"},{"name":"OnEvent","signature":"OnEvent(event As String, Module As Object, methodName As String, args As List)"},{"name":"DesignerCreateView","signature":"DesignerCreateView (Target As BANanoElement, Props As Map)"},{"name":"setParentID","signature":"setParentID(sParentID As String)"},{"name":"AddSlides","signature":"AddSlides(numOf As Int)"},{"name":"AddSlide","signature":"AddSlide As SHLabel"},{"name":"Slide","signature":"Slide(pos As Int) As SHLabel"},{"name":"setCenteredSlides","signature":"setCenteredSlides(b As Boolean)"},{"name":"setDirection","signature":"setDirection(s As String)"},{"name":"setEffect","signature":"setEffect(s As String)"},{"name":"setHasNavigation","signature":"setHasNavigation(b As Boolean)"},{"name":"setHasPagination","signature":"setHasPagination(b As Boolean)"},{"name":"setHasScrollbar","signature":"setHasScrollbar(b As Boolean)"},{"name":"setHeight","signature":"setHeight(s As String)"},{"name":"setInit","signature":"setInit(b As Boolean)"},{"name":"setInitialSlide","signature":"setInitialSlide(s As String)"},{"name":"setCoverflowEffectRotate","signature":"setCoverflowEffectRotate(i As Int)"},{"name":"setCoverflowEffectStretch","signature":"setCoverflowEffectStretch(i As Int)"},{"name":"setCoverflowEffectDepth","signature":"setCoverflowEffectDepth(i As Int)"},{"name":"setCoverflowEffectModifier","signature":"setCoverflowEffectModifier(i As Int)"},{"name":"setCoverflowEffectSlideShadows","signature":"setCoverflowEffectSlideShadows(b As Boolean)"},{"name":"setLoop","signature":"setLoop(b As Boolean)"},{"name":"setSlidesPerView","signature":"setSlidesPerView(s As String)"},{"name":"setSpaceBetween","signature":"setSpaceBetween(s As String)"},{"name":"setSpeed","signature":"setSpeed(s As String)"},{"name":"setUpdateOnWindowResize","signature":"setUpdateOnWindowResize(b As Boolean)"},{"name":"setWidth","signature":"setWidth(s As String)"},{"name":"Refresh","signature":"Refresh"},{"name":"getRoot","signature":"getRoot As SHLabel"},{"name":"slideNext","signature":"slideNext(ms As Int)"},{"name":"slidePrev","signature":"slidePrev(ms As Int)"},{"name":"getSlideName","signature":"getSlideName(pos As Int) As String"}]}